POLLUTANT_CODE,PARAMETER_DESC
1,Number of connections
6,"Diesel oil, no. 2"
8,"Fuel oil, no. 4"
137,"Butadiene, total"
246,Acenaphthylene
250,Acetaldehyde
255,Acetic acid
278,Acetonitrile
301,Acidity
360,"Aluminum, total"
365,Aluminum oxide
375,"Nitrogen, ammonia [NH3-N]"
428,Anthracene
447,PCB-Aroclor [mixture unspecified]
448,"PCB-1016, bot. sed., dry weight"
451,PCB-1232
454,PCB-1248
457,PCB-1260
460,Arochlor 1268
467,"Arsenic total, dry weight, sludge"
500,Asbestos [fibrous]
558,Bacteria
572,"Barium, sludge, total, dry weight [as Ba]"
603,Benzene
630,Benzopyrene
661,Biosolids weight indluding admixtures
724,Bromide [as Br]
725,"Bromine, reported as the element"
743,Butane
755,Bypass of Treatment Facility
776,"Cadmium, percent removal"
814,Carbon dioxide [as CO2]
817,Carbon disulfide
905,Chemical Oxygen Demand [COD]
928,"Chlorine, free residual, total effluent"
1012,"Chromium, sludge solid"
1055,Chrysene
1090,"Cobalt, dissolved [as Co]"
1130,Conductivity
1165,"Copper, percent removal"
1274,Cryptosporidium
1363,"Detergents, Total"
1444,Diethylene Glycol
1485,Date Discharge Began
1765,Fecal Matter
1822,"Fluoride, complex"
1916,Giardia
1939,Glycol mix applied
1942,"Gold, total [as Au]"
1956,Grease
1976,"Halogens, tot organics bottom sediment"
2040,Heptane
2041,"Herbicides, total"
2049,"Hexane, sediment, dry weight"
2072,Hydrazine
2111,Hydroxide
2200,Inorganic Pollutants
2208,"Iodine, residual"
2215,"Iron, sludge, total, dry weight [as Fe]"
2218,Iron oxide
2220,Total water irrigated
2374,"Lithium, dissolved [as Li]"
2423,"Manganese, total recoverable"
2428,"Manure remaining, gallons"
2448,"Mercury, total low level"
2741,"Nickel, total sludge"
2760,"Columbium, total"
2806,"Nitrogen, nitrite total [as NO2]"
2817,"Nitrogen, total Kjeldahl"
2838,Sodium nitrite
2856,"Fuel oil, no. 2"
2857,"Fuel oil, no. 6"
2991,Organic Matter
3041,Overflows
3049,Ethylene oxide
3051,"Oxygen, dissolved [DO]"
3054,Ozone - residual
3159,Organisms greater than or equal to 50 micrometers
3215,Perchlorate [ClO4]
3256,"Oil petroleum, total recoverable"
3321,Phenol
3356,Tri-n-butyl phosphate
3494,"Proprane, total"
3541,Pyridine
3545,Nalco H150M
3565,Radioactivity
3569,"Radium, total"
3572,"Radon, total in water"
3575,Rainfall
3636,Sand in drilling fluids
3666,"Selenium, sludge, total, dry weight [as Se]"
3697,"SSO, Dry Weather"
3708,"Silica, dissolved [as SiO2]"
3714,"Silver, total dry weight, sludge mt"
3887,Date of Storm Event
3907,"Sulfates, total [as SO4]"
3917,"Sulfur, total"
3932,Sulfur Trioxide
4008,"Tantalum, total"
4068,Thallium in bottom deposits [dry wgt]
4073,Thermal discharge
4078,Thiourea
4082,Thorium [Thorium-232]
4088,"Titanium, total recoverable"
4146,"Coliform, total MF, immed, m-endo med 35 C"
4151,"Solids, total dissolved"
4234,Toxaphene
4245,"Chronic toxicity, daphnia magnia 21 dy"
4324,"1,2,3-Trimethyl Benzene"
4419,Urea
4448,"Vanadium, total"
4647,Freshwater in drilling fluids
4677,Whole effluent toxicity
4800,Butanone
4819,"Algae, total [cells/mL]"
4871,"Antimony, dissolved [as Sb]"
4878,PCB-1221
4879,PCB-1242
4880,PCB-1254
4881,PCB-1262
4915,"Beryllium, sludge, tot. dry wt [as Be]"
5033,Chloride
5123,"Cyanide, free available"
5201,Dibenzofuran
5286,Ethanol
5350,Flow
5357,Fly ash
5474,Hydrochloric acid
5498,Total K001 Constituents
5617,"Methanol, total"
5680,Naphthalene
5713,"Nitrogen, total, as NO3, [water]"
5878,"Phosphate, tot. bottom sed., dry wt."
5889,Phosphorus [reactive as P]
5948,"Potassium, sludge, total, dry weight [as K]"
6101,Sulfate
6106,"Sulfide, total"
6128,"Temperature, background"
6151,"Tin, total recoverable"
6215,Triclosan
6352,"Zinc, percent removal"
6372,"Zirconium, total"
6390,Dioxane
6400,Acrylamide
6432,"Sludge weight, dry"
6439,"Uranium 238, total"
6562,"Lead, total sludge"
6583,Gasoline
6599,Flow rate
6613,"Sediment, suspended"
6638,"Turbidity, background"
6656,"Carbon, chloroform extractables"
6658,"Molybdenum, sludge, total, dry weight [as Mo]"
6662,"Pesticides, general"
6699,"Magnesium, in bottom deposits"
6756,Cyclohexane
6758,Formic acid
6798,Toxics
6802,"Sodium, total [as Na]"
6901,Methane
7212,Chlorite
7415,"Color, spectrophoto, water smpl at 7.6 pH"
7435,Total Petroleum Hydrocarbons - Waste Oil
7822,Fluoranthene
7827,Phenanthrene
7829,Pyrene
8198,"Pentane, total effluent"
8418,Creosote [Coal Tar]
8538,"Calcium, dissolved [as Ca]"
8719,Seafood Processing Waste
10001,"PCB, total, scan effluent"
10003,Nitroglycerin
10005,Di[2-ethylhexyl] phthalate [DEHP]
10006,Butyl benzyl phthalate
10007,Di-n-butyl phthalate
10008,Diethyl phthalate
10009,Di-n-octyl phthalate
10011,Diethylenetriamine [DETA]
10012,"Glycol, total"
10014,Mirex
10015,"Atrazine, dissolved"
10017,Hexachlorobutadiene
10018,Chloroprene
10019,Isoprene
10023,DCPA
10024,Aldrin
10026,1-Butanol
10027,Methoxypropylamine
10028,Isobutyl alcohol
10030,"Propene, total"
10031,"1,3-Dichloropropylene"
10032,"cis-1,3-Dichloropropene"
10033,"Allyl chloride, total"
10035,Molinate
10037,Bromacil
10038,Terbacil
10039,Dieldrin
10040,Endrin
10041,2-Butanone peroxide
10042,Isophorone
10043,Furfural
10046,4-Methyl-2-pentanone
10047,"Isopropyl alcohol [C3H8O], sed."
10049,TCPP [Tris [1-chloro-2-propyl] phosphate]
10050,t-Butyl alcohol
10051,2-Propanone
10053,2-Propen-1-ol
10054,Acrolein
10057,Acrylonitrile
10058,Methacrylonitrile
10060,Methyl methacrylate
10061,Butyl Acrylate
10063,N-Methyl-2-pyrrolidone
10067,Paraquat
10068,Chlordane
10069,Dicyclopentadiene
10071,Carbofuran
10072,Fluorene
10074,Acenaphthene
10075,Metolachlor
10076,Acetochlor
10077,Vinyl acetate
10078,Ethyl acetate
10079,"2,4,5-T"
10080,"2,4-Dichlorophenoxyacetic acid"
10082,Butyl acetate
10083,Monochloroacetic acid [MCAA]
10085,Methyl acetate
10086,"Amyl acetate, total"
10087,Potassium Acetate
10089,Trichloroacetic acid [TCAA]
10091,"Halogens, adsorbable organic"
10093,"Aluminum chloride, dissolved, water"
10097,"Asbestos, total amphibole"
10100,Polynuclear Aromatic Hydrocarbons [PAHs]
10104,Coal ash
10107,"BOD, carbonaceous [5-day, 20 C][streamflow]"
10109,Benzo[a]anthracene
10110,Benzo[b]fluoranthene
10113,Aniline
10115,o-Toluidine
10117,"4,4'-Methylenebis[2-chloroaniline]"
10118,4-Nitroaniline
10120,"N,N-Dimethylaniline"
10121,N-Nitrosodiphenylamine
10122,Methylstyrene
10123,Isopropylbenzene
10124,Benzyl chloride
10125,"4,4'-DDT"
10126,"4,4'-DDD"
10127,"4,4'-DDE"
10130,"1,2,4-Trichlorobenzene"
10132,"1,2,4-Trimethylbenzene"
10133,o-Dichlorobenzene
10134,ortho-xylene
10135,"1,3,5-Trimethylbenzene"
10136,"1,3-Dichlorobenzene"
10139,.meta.-Xylene
10140,p-Dichlorobenzene
10142,p-Xylene
10143,"o,p'-DDT"
10144,"2,4-Dinitrotoluene"
10145,4-Nitrotoluene
10146,"Toluene-2,4-diisocyanate"
10149,"Trinitrotoluene [TNT], dissolved"
10150,"2,6-Dinitrotoluene"
10151,2-Chlorobenzene
10152,"Dichlorobenzene, isomer"
10153,Xylene [mix of m+o+p]
10155,Styrene
10157,Ethylbenzene
10159,Hexachlorobenzene
10161,Toluene
10164,Nitrobenzene
10165,Pentachlorobenzene
10166,Tetrachlorobenzene
10167,Trimethylbenzene
10169,Toluenediamine
10171,Oryzalin
10174,Benzo[a]pyrene
10175,Benzo[j]fluoranthene
10176,Benzo[k]fluoranthene
10177,"Camphor, whole water"
10178,Biochemical oxygen demand
10179,Butanal
10188,Busan 85
10189,"Sodium dimethyldithiocarbamate, total"
10190,Sutan
10191,Pebulate
10192,S-Ethyl dipropylthiocarbamate [EPTC]
10197,Sodium bicarbonate in drilling fluids
10202,Hexachlorophene
10204,Sodium chlorate
10205,Chlorinated organic compounds
10206,Chlorine dioxide
10209,Sodium dichromate
10214,"Chromium, hexavalent in bot dep [dry wt]"
10215,"Chromium, trivalent total recoverable"
10228,Lindane
10231,Deltamethrin
10236,Azobenzene
10238,"Dibenz[a,h]anthracene"
10239,"2,3,7,8-Tetrachlorodibenzo-p-dioxin"
10240,"Chlorinated dibenzo-p-dioxins, effluent"
10251,"E. coli, thermotol, MF, MTEC"
10252,Triethylamine
10253,Diethyl ether [ethoxyethane]
10254,Bis[2-chloroethyl] ether
10256,"1,1,1-Trichloroethane"
10257,"1,1,2,2-Tetrachloroethane"
10258,"1,1,2-Trichloroethane"
10259,"1,1-Dichloroethane"
10260,"1,1-Dichloro-1-fluoroethane"
10261,Ethylene dibromide
10262,"1,2-Dichloroethane"
10263,1-Bromo-2-chloroethane
10264,"Chloroethane, total weight"
10266,Hexachloroethane
10267,Trichloroethane
10268,Ethyl mercaptan
10269,Oxamyl
10270,Triethanolamine
10272,"Butoxyethoxyethanol, total"
10273,2-Butoxyethanol
10275,Ethanolamine
10278,"1,1-Dichloroethene"
10279,"1,2-Dichloroethene"
10280,"trans-1,2-Dichloroethylene"
10281,"1,2-cis-Dichloroethene"
10282,Vinyl chloride
10284,Tetrachloroethylene
10285,Trichloroethylene
10287,"Fecal coliform in sludge, CFU/gram"
10288,Formalin
10289,"N,N-Dimethylformamide"
10292,"Fuel, diesel, #1"
10293,Furans
10297,Roundup
10306,"Chlorinated hydrocarbons, total"
10307,"Petrol hydrocarbons, total recoverable"
10308,"Hydrogen peroxide, total, dilution ratio"
10309,"Hydrogen sulfide, unionized"
10313,"Indeno[1,2,3-cd]pyrene"
10319,Kerosene
10332,Magnesium oxide
10334,Dimethylamine
10335,N-Nitrosodimethylamine [NDMA]
10336,Malachite Green
10337,Methyl bromide [Bromomethane]
10338,Methyl chloride [Chloromethane]
10340,Dichloromethane
10344,Carbon tetrachloride
10345,Chloroform
10346,Trichlorofluoromethane
10348,Methyl mercaptan
10354,Nitrite Plus Nitrate Total
10363,Ammonium perfluoroctanoate
10364,"Well fluids, oil & grease"
10365,Particulate Organic Carbon
10366,Organics-tot voltile [NJAC reg.7:23-17e]
10370,Propylene oxide
10375,Glutaraldehyde
10380,"2,4,5-Trichlorophenol"
10381,Picric acid
10382,"2,4-Dimethylphenol"
10383,2-Chlorophenol
10384,"2-Methyl-4,6-dinitrophenol"
10385,2-Nitrophenol
10386,3-Methylphenol
10387,Bisphenol-A
10388,4-Methylphenol
10389,4-Nitrophenol
10390,Chlorinated phenols
10394,Methyl phenol
10395,Nonylphenol
10396,"Pentachlorophenol, removal efficiency"
10397,"Phenolics, total recoverable"
10398,VX Agent
10399,Orthene
10405,Disulfoton
10406,Guthion
10407,Parathion
10408,Diazinon
10409,Methyl parathion
10410,Polyethylene glycol
10416,"1,2-Dibromo-3-chloropropane"
10417,"1,2-Dichloropropane"
10418,Methyl tert-butyl ether [MTBE]
10420,"Propionic acid, total"
10421,Dichloroprop
10425,2-Methylpyridine
10427,Nicotine sulfate
10429,Radionuclide Index
10430,"Produced water, Radium 226, total"
10431,"Produced water, Radium 228, total"
10447,Sodium chloride [salt]
10454,"Solids, total"
10464,Aluminum sulfate
10466,Calcium sulfate
10468,Ferrous sulfate
10475,Methylene blue active substances
10481,Sulfolane
10485,Total Petroleum Hydrocarbons - Gasoline
10486,Total suspendable solids
10487,"Organics, total toxic [TTO]"
10489,"Trihalomethane, tot."
10491,"Tungsten, total"
10507,o-Phenylphenol
10508,Benzidine
10510,pH
10607,Dimethoxybenzidine
10609,"Biphenyl, total"
10610,"Isopropylbiphenyl, total"
10611,"DCBP, total"
10612,"2,3',4,4',5'-PECB, total sludge"
10613,"2,3',4,4',5,5'-HXCB, total sludge"
10614,"2,3',4,4',5-PECB, total sludge"
10615,"2,3,3',4,4',5'-HXCB, total sludge"
10616,"2,3,3',4,4',5,5'-HPCB, total sludge"
10617,"2,3,3',4,4',5-HXCB, total sludge"
10618,"2,3,3',4,4'-PECB, total sludge"
10619,"2,3,4,4',5-PECB, total sludge"
10620,"3,3',4,4',5,5'-HXCB, total sludge"
10621,"3,3',4,4',5-PECB, total sludge"
10622,"3,3',4,4'-TCB, total sludge"
10623,"3,4,4',5-TCB, total sludge"
10624,Hexachlorobiphenyl
10625,Chloral hydrate
10626,Citric acid
10627,Endrin aldehyde
10628,Metribuzin
10629,Phthalic acid
10630,Phthalate esters
10631,Dimethyl phthalate
10632,Dinonyl phthalate
10633,Tetrachlorocatechol
10634,"3,4,5-Trichlorocatechol"
10635,"3,4,6-Trichlorocatechol"
10636,Benzisothiazole
10637,"1,2-Benzisothiazole, 3-methoxy-"
10638,Ethylene glycol dinitrate
10639,"Propylene glycol, total"
10640,Guafensin
10641,Methocarbamol
10642,Kepone
10643,HMX
10644,Cyclonite
10645,RDX+HMX
10646,Hexazinone
10647,Cyanuric acid
10648,Propazine
10649,Simazine
10650,Terbuthylazine
10651,Prometon
10652,Prometryn
10653,"Terbutryn, organic pesticide"
10654,Ametryn
10655,"2,4-Toluenediamine"
10656,Chlorothalonil
10657,Resorcinol
10658,m-Benzenedisulfonic acid
10659,Isopropylidine dioxyphenol
10660,Safrole
10661,Dichlorobutadiene
10662,Hexachlorocyclopentadiene
10663,Ethylmethyldioxolane
10664,"2-Methyl-1,3-dioxolane"
10665,Phthalic anhydride
10666,Pentaeerythritol tetranitrate
10667,"Metrioltrinitrate, total"
10668,"2,5-Toluenediamine"
10669,Dimethyl terephthalate
10670,Hydroquinone
10671,Dichlone
10672,Dechlorane plus
10673,"Butylamine, total, water"
10674,Tributhylamine
10675,"N,N-Dimethyl-1-butanamine"
10676,"Dibutylamine, whole water"
10677,N-Nitrosodibutylamine
10678,Didecyl dimethyl ammonium chloride
10679,2-Ethylhexanol
10680,Rovral
10681,Sevin
10682,Amyl alcohol
10683,Abietic acid
10684,Dehydroabietic acid
10685,Isopimaric acid
10686,Monochlorodehydroabietic acid
10687,Dichlorodehydroabietic acid
10688,"1-Formylpiperdine, total"
10689,N-Nitrosodi-N-propylamine
10690,n-Propyl alcohol
10691,"Tris[2,3-dibromo- propyl] phosphate"
10692,"1,2-Dichloropropylene"
10693,"trans-1,3-Dichloroproprene, dry weight"
10694,"2,3-Dichloropropylene"
10695,Flusilazole
10696,Tebuconazole
10697,"Bentazon, total"
10698,Thiabendazole
10699,Tolytriazole
10700,"Butyl, 5-benzotriazole, total"
10701,Indene
10702,"4-Nitro-N-methylphthalimide, total"
10704,Captan
10705,Caffeine
10706,Theophylline
10707,Dyphylline
10708,Mercaptobenzothiazole
10709,Chloroxazone
10710,"2,3,7,8-TCDD TEC"
10711,TCDD equivalents
10712,"2,3,7,8-TCDD TTE, total sludge"
10713,"Bromacil, lithium"
10715,"Endrin ketone, in water"
10716,Heptachlor epoxide
10717,Endrin + endrin aldehyde [sum]
10718,"Triadimefon, organic pesticide"
10719,Crotonaldehyde
10720,"trans-1,4-Dichloro-2-butene"
10721,Ciodrin
10722,Mevinphos
10723,2-Hexanone
10724,5-Methyl-2-hexanone
10725,Ethylene thiourea
10726,Terramycin [1 hour application]
10727,2-Naphthylamine
10728,N-[Methylpropylidenepropanamine]
10729,Propylene glycol monobutyl ether
10730,Chlorophenoxypropananol
10731,1-Methoxy-2-propanol
10732,Acrylic acid
10733,Polymethylacrylic acid
10734,Acrylic polymer in drilling fluids
10735,"Sodium polyacrylate, total"
10736,Methyl acrylate
10737,Picloram
10738,Chlorpheniramine
10739,Dazomet
10740,Hexahydroazepinone
10741,Isothiazolone
10742,Norflurazon
10743,Methyl butenol
10744,.alpha.-Terpineol
10745,Pheophytin
10746,Niacinamide
10747,"Chlordane, .alpha.-, whole water"
10748,Heptachlor
10749,".gamma.-Chlordane, whole water"
10752,Surfynol 104E
10753,Fenarimol
10754,5-Day sum of BOD5 discharged
10755,5-Day sum of WLA values
10756,Endosulfan sulfate
10757,"Endosulfan, total"
10758,.beta.-Endosulfan
10759,.alpha.-Endosulfan
10760,"THC, dry & O2"
10761,"2,2-Dimethyl-2,3-dihydro-7-benzofuranol"
10762,Endothall
10763,Endothall salts & esters
10764,7-Day sum of BOD5 discharged
10765,7-Day sum of WLA values
10766,"Hydroxyquinoline, total"
10767,Linolenic acid
10768,Linoleic acid
10769,Oleic acid
10771,Carbazole
10772,Chloral
10773,"2,2-Dibromo-3-nitrilopropionamide"
10774,Propachlor
10775,"Alachlor, dissolved"
10776,"N,N-Dimethyl acetamide, whole water"
10777,Phenacetin
10778,Acetaminophen
10779,Butachlor
10780,2-Acetyl aminoflourcene
10781,Sulfacetamide
10782,"Isooctyl 2,4,5-T"
10783,"2,4-D, isobutyl ester in sediments"
10784,MCPA
10785,"Isopropyl acetate, total effluent"
10786,Isobutyl acetate
10787,Phenoxyacetic acid
10788,Propyl acetate
10789,Acid compounds
10790,Acidity-mineral methyl orange [as CaCO3]
10791,"Acidity, total [as CaCO3]"
10792,"Acids, total volatile [as acetic acid]"
10793,Actinium 227
10794,Aldrin + Dieldrin
10795,"Algae, suspended"
10796,Algal growth potential
10797,"Algal, biomass percent"
10798,"Algicides, general"
10799,"Alkalinity, total [as CaCO3]"
10800,Bicarbonate as [CaCO3]
10801,"Alkalinity, carbonate [as CaCO3]"
10802,"Alkalinity, phenolphthaline method"
10803,Alkyl dimethyl ethyl ammonium bromide
10804,"Produced water, gross alpha radiation"
10805,"Alpha, total, counting error"
10806,"Aluminum, ion"
10807,Aminotrol methylene phosphate
10808,Ammonia & ammonium- total
10809,"Nitrogen, ammonia total [as NH4]"
10810,Anesthetics
10811,"Animals, total estimated no. of"
10812,Ann. amt sludge disposed by other method
10813,Annual amt of sludge incinerated
10814,Annual amt sludge transported interstate
10815,Annual amt sludge disposed in landfill
10816,Annual amt. sludge disposed surface unit
10817,Annual amount of sludge land applied
10818,"Annual sludge production, total"
10819,Annual whole sludge application rate
10820,Applicable temperature limitation
10821,Application daily spray irrigation
10822,Application monthly spray irrigation
10823,Application period spray irrigation
10824,"Application rate, daily spray irrigation."
10825,Application rate area sprayed
10826,Application weekly spray irrigation
10827,Area inspection visual
10828,Area of disposal-used
10829,"Hydrocarbons, aromatic"
10830,Purgeable aromatics Method 602
10831,"Aromatics, substituted"
10832,Sodium arsenite
10833,"Arsenic, trivalent dissolved"
10834,Avg. of 7-day sum of BOD5 values
10835,Azide
10836,"BOD, 11-day [20 deg. C]"
10837,"BOD, 20-day [20 deg. C]"
10838,"BOD, 20-day, percent removal"
10839,"BOD, 35-day [20 deg. C]"
10840,"BOD, 5 day carbonaceous, % rmvl, dry"
10841,"BOD, 5 day carbonaceous, % rmvl, wet"
10842,"BOD, 5 day percent removal, dry"
10843,"BOD, 5 day percent removal, wet"
10844,"BOD, 5 lb/cu ft process"
10845,"BOD, 5-day, 20 deg C per cfs of streamflw"
10846,"BOD, 5-day, percent removal"
10847,"BOD, carbonaceous [20 day, 20 C]"
10848,"BOD, carbonaceous [40 day, 20 C]"
10849,"BOD, carbonaceous [5 day, 5 C]"
10850,"BOD, carbonaceous [25-day, 20 C]"
10851,"BOD, carbonaceous [28 day, 20 C]"
10852,"BOD, carb-5 day, 20 deg C, percent removal"
10853,"Carbonaceous oxygen demand, % removal"
10854,"Carbonaceous BOD, 5 day, 20 deg C filtrd"
10855,"BOD, mass, times flow prop. multiplier"
10856,"BOD, nitrogen inhib 5-day [20 deg. C]"
10857,"BOD, 5-day, 20 deg. C per production"
10858,"BOD, % over influent"
10859,"BOD, percent removal [total]"
10860,"Oxygen demand, ultimate"
10861,"Oxygen demand, ult. carbonaceous [UCOD]"
10862,"BOD, [ult. 1st stage]"
10863,"BOD, [ult. 2nd stage]"
10864,"Backwash cycles, total number of"
10865,Ballast water flow
10866,"Baroid nos. 2,4,5,6 imco no. 1,2,3,6"
10867,"Baroid nos. 3, 7"
10868,"Base neutrals & acid [Method 625], efflnt"
10869,Base/neutral compounds
10870,Benomyl and carbendazim
10871,Bentonite in drilling fluids
10872,"Chlorosyringaldehyde, effluent"
10873,Pronamide
10874,"Bayer 73, in water"
10875,DEET
10876,Sulfabenzamide
10877,"2,3-Dichloroaniline"
10878,"Dichloran, total"
10879,Trifluralin
10880,2-Chloroaniline
10881,2-Ethylbenzeneamine
10882,"2-Nitroaniline, in sed., dry weight"
10883,3-Nitroaniline
10884,"Isopropalin water, total"
10885,"4-Chloroaniline, in sediment"
10886,p-Dimethylaminoazobenzene
10887,Pendimethalin
10888,Benefin
10889,N-Ethylaniline
10890,"Ethalfluralin water, total"
10891,N-Methylbenzeneamine
10892,Diphenylamine
10893,"U-Toluidine, total"
10894,tert-Butylbenzene
10895,Sec-butylbenzene
10896,Nitrostyrene
10897,"Isopropyl-1,2-diphenylethane"
10898,"sec-Butyl-1,2-diphenylethane"
10899,Methoxychlor
10900,"sec-Butyl-1,1-diphenylethane"
10901,"SAS - 305, total"
10902,Polybrominated diphenyl oxides
10903,Sulfonyl-bis-benzene
10904,o-Xylene + p-Xylene
10905,"1,2,3-Trichlorobenzene"
10906,"1,2,4,5-Tetrachlorobenzene"
10907,"1,2,4,5-Tetramethylbenzene"
10908,"Xylene, meta & para in combination"
10909,"1,3,5-Trinitrobenzene"
10910,Chloroneb
10911,4-Bromophenyl phenyl ether
10912,o-Chlorobenzyl chloride
10913,Monochlorobenzyl trifluoride
10914,2-Chlorotoluene
10915,"Benzene, 1-chloro-4-[trifluoromethyl]-"
10916,4-Chlorophenyl phenyl ether
10917,p-Ethyltoluene
10918,4-Isopropyltoluene
10919,"Bromo benzene, total"
10920,n-Butylbenzene
10921,Monochlorotoluene
10922,Chloronitrobenzene
10923,Dichlorobenzyl trifluoride
10924,Dichlorotoluene
10925,Diethylbenzene
10926,"Benzene, ethylbenzene, toluene, xylene combination"
10927,Methylethylbenzene
10928,"Benzene, halogenated"
10929,Hexamethylbenzene
10930,Halogenated toluene
10931,3-Phenoxylbenzyl
10932,Dinitrotoluene
10933,sec-Butyldiphenylmethane
10934,Octachlorostyrene
10935,Pentachloronitrobenzene [PCNB]
10936,n-Propylbenzene
10937,Tetramethylbenzene
10938,"Benzene, toluene, xylene in combination"
10939,Trichlorobenzene
10940,Trichlorotoluene
10941,Fenvalerate
10942,Chlorobenzilate
10943,Benzyl alcohol
10944,Phenylpropanolamine
10945,Ephedrine sulfate
10946,Dicofol
10947,Isoxsuprine
10948,Sulfathiazole
10949,n-Butylbenzene sulfonamide [in water]
10950,N-Methylbenzenesulfonamide
10951,Diethylmethylbenzenesulfonamide
10952,Benzenesulphonic acid
10953,p-Phenolsulfonic acid
10954,Alkyl benzene sulfonated [ABS]
10955,"Benzo[b,k]fluoranthene"
10956,Benzo[ghi]perylene
10957,Benzofuran
10958,"Dicamba, 5-hydroxy-, total recoverable"
10959,Acetophene
10960,Dicamba
10961,Chloramben
10962,Sodium salt of acifluorofen
10963,"Chlorobenzoic acid, in water"
10964,"Benzoic acids, total"
10965,Benzonitrile
10966,Bromoxynil
10967,Benzothiazole
10968,"Benzothiazole, 2-[methythio]-"
10969,"Produced water, gross beta radiation"
10970,"Beta, total, counting error"
10971,Betzdearborn DG5671
10972,Chlorendic acid
10973,Bioaccumulation testing performed
10974,Bioassay [24 hr]
10975,Bioassay [48 hr]
10976,Bioassay [96 hr]
10977,Biocides
10978,"Biological diversity, Shannon-Weaver index"
10979,"Biomass, plankton"
10980,Bis ether
10981,"Bisazer, total, water, ug/L"
10982,"Bismuth, total [as Bi]"
10983,Bleached kraft
10984,Blend ratio
10985,Fluoroborates
10986,Boric acid
10987,"Boron, total"
10988,Boundary areas
10989,Bromine chloride
10990,"1,4-Dichlorobutane"
10991,"1,1,1,3,3-Pentafluorobutane"
10992,Malathion
10993,Butanoic acid
10994,"2,4-DB"
10995,MCPB
10996,Dichlorobutene [isomers]
10997,Bypass valve
10998,CBOD5+NH3-N
11036,"Calcium hypochlorite, number of applications"
11037,"Calcium hypochlorite, weight/application grams"
11038,Lime in drilling fluids
11039,"Calcium, pct exchange"
11040,SWEP
11041,Chlorpropham
11042,Barban
11043,"Carbosulfan, total"
11044,Topsin
11045,"Benomyl, total"
11046,Propham
11047,Carbamates
11048,Busan 40
11049,"Nabam, organic pesticide"
11050,Nabonate
11051,"Dithiocarbamate, reported as dithiocarbonate"
11052,KN methyl
11053,Metam-sodium
11054,Triallate
11055,Cycloate
11056,Bolero
11057,S-Propyldipropylthiocarbamate [Vernolate]
11058,Carbonate ion [as CaCO3]
11059,Bicarbonate ion- [as HCO3]
11060,"1,3-Diaminourea"
11061,Carcinogen additivity factor
11062,Cation exchange capacity
11063,"Cations, total"
11064,Caustic in drilling fluids
11065,"Cellulose polymer, in drilling fluids"
11066,Nitrocellulose
11067,"Cerium, total"
11068,Certified operator certification exp.
11069,Certified operator class
11070,Certified operator name
11071,Certified operator number
11072,"Cesium, total [as Cs]"
11073,Chem. oxygen demand per production
11074,"COD, 25N K2Cr207, tot"
11075,"Oxygen demand, chem. [low level] [COD]"
11076,"Oxygen demand, chem. [COD], dissolved"
11077,Chem. oxygen demand [COD] % removal
11078,Chemi-mechanical pulp
11079,"Chloramine, total"
11080,Chlordane [tech mix. and metabolites]
11081,"Chlordane, CA Ocean Plan definition"
11082,Monoboro chlorate
11083,Chlorides + Sulfates
11084,Chlorinated paraffin in sludge
11085,"Chlor, phenoxy acid gp, none found"
11086,Chlorination
11087,Chlorination duration
11088,Chlorination frequency
11089,"Chlorine demand, 1 hr"
11090,Chlorine dose
11091,Chlorine produced oxidants
11092,Chlorine rate
11093,Chlorine usage
11094,"Chlorine, total residual, duration of violation"
11095,"Freon, total"
11096,"Chloroform extractables, total"
11097,Chlorophyll C
11098,"Asbestos, Chrysotile"
11099,Betz clam-trol CT-2
11100,Betz clam-trol CT-4
11101,Cloud cover [percent]
11102,Coagulants added
11103,"Coliform, total colony forming units"
11104,Color [admi units]
11105,Color [PT-CO units]
11106,Color
11107,Apparent Color [Admi Units]
11108,"Color, concentration at wavelength"
11109,"Color, spectrophoto, water smpl at 7.6 pH"
11110,"Color, spectrophoto-metric filter"
11111,Combined metals sum
11112,Compliance w/part 258 sludge requirement
11113,"Condenser cooling, water pumping rate"
11114,Condenser cooling water temp. increase
11115,"Conductivity, net"
11116,Copper as suspended black oxide
11117,Corrugated media - markt pulp air-dried
11118,Crop yield
11119,Current direction deg from true north
11120,Cyanate [as OCN]
11121,Cyanide and thiocyanate - total
11122,Cyclohexylamine
11123,"Dicyclohexylamine, total"
11124,Benzene hexachloride
11125,.delta.-BHC
11126,.alpha.-BHC
11127,.beta.-BHC
11128,Benzene hexachloride
11129,Cyclohexanone
11130,Methylcyclopentane
11131,Octachlorocyclopentene
11132,"Permethrin, total"
11135,"DDT/DDD/DDE, sum of p,p' & o,p' isomers"
11136,DOS-3 in drilling fluids
11137,Daily excursion time [min]
11138,Day - max excursion time [min]
11139,"Facility operated during month, # days"
11141,De-inked floatation fiber
11142,De-inked washed fiber
11143,"Fish, dead [severity]"
11144,n-Decane
11145,"Dechlorination reagent, gen"
11146,"Deck drainage, free oil"
11147,"Deck drainage, volume"
11148,Delta pH
11149,Density
11150,Depth of pond or reservoir in feet
11151,Depth to water level ft below landsurface
11152,"Depth, max of sample"
11153,"Desalinization unit, free oil"
11154,Description of pathogen option used
11155,Detention time
11156,Dewatering effluent COD
11157,Dewatering effluent TDS
11158,Dewatering effluent TSS
11159,Dewatering effluent chlorides tidal
11160,Dewatering effluent free oil
11162,Dewatering effluent pH
11163,Octachlorodibenzo-p-dioxin
11164,"1,2,3,7,8,9-Hexachlorodibenzo-p-dioxin"
11165,"1,2,3,4,6,7,8-Heptachlorodibenzo-p-dioxin"
11166,"1,2,3,4,7,8-Hexachlorodibenzo-p-dioxin"
11167,"1,2,3,6,7,8-Hexachlorodibenzo-p-dioxin"
11168,"1,2,3,7,8-Pentachlorodibenzo-p-dioxin"
11169,"HPCDD, total sludge"
11170,"HXCDD, total sludge"
11171,"PECDD, total sludge"
11172,"TCDD, total sludge"
11173,"1,2,3,4,6,7,8-Heptachlorodibenzofuran"
11174,"1,2,3,4,7,8,9-Heptachlorodibenzofuran"
11175,"1,2,3,4,7,8-Hexachlorodibenzofuran"
11176,"1,2,3,6,7,8-Hexachlorodibenzofuran"
11177,"1,2,3,7,8,9-Hexachlorodibenzofuran"
11178,"1,2,3,7,8-Pentachlorodibenzofuran"
11179,"2,3,4,6,7,8-Hexachlorodibenzofuran"
11180,"2,3,4,7,8-Pentachlorodibenzofuran"
11181,"2,3,7,8-TCDF, sed."
11182,"Chlorinated dibenzo-furans, effluent"
11183,"HPCDF, total sludge"
11184,"HXCDF, total sludge"
11185,Octachlorodibenzofuran
11186,"PECDF, total sludge"
11187,"TCDF, total sludge"
11188,"Dibenzothiophene, 1,2,3,4-Tetrahydro-8-methyl-"
11189,"Diesel range organics diesel, total, wtr"
11190,Differential pressure annular well head
11191,Diffuser validation rpt % effl mix zone
11192,"Digester solids content, percent"
11193,Dilution factor
11194,Dioxin laboratory - alpha code
11195,"Phosphate, total [P2O5], water"
11196,TEPP
11197,Reglone
11198,Diquat
11199,DMR submitted
11200,"Discharge drill cuttings, base fluids retained"
11201,"Discharge drill cuttings, formation oil"
11202,"Discharge drill cuttings, sediment toxicity"
11203,Discharge event observation [Visual Monitoring]
11204,Discharge flow as % of stream flow
11205,"Oxygen, dissolved percent saturation"
11206,Dissolved oxygen injected
11207,Dissolved radioactive gasses
11208,Distance from shore
11209,"Gasoline, regular"
11210,"Dimethyl disulfide, total [DMDS]"
11211,Xanthates
11212,Docosane
11213,n-Dodecane
11214,"4-Dodecene, total effluent"
11215,"Domestic waste, foam and floating solids"
11216,Drain field insp assessment
11217,"Drill cuttings, free oil"
11218,"Drill cutting, [oil rigs]"
11219,"Drilling cuttings, volume"
11220,Drilled solids in drilling fluids
11221,"Drilling fluid, end of well, 96-hr LC50"
11222,"Drilling fluids, discharge rate"
11223,"Drilling fluids, end of well toxicity"
11224,"Drilling fluids, free oil"
11225,"Drilling fluids, oil content"
11226,"Drilling fluid, toxicity"
11227,"Drilling fluids, volume"
11228,Ferrochrome lignosulfonated frwtr mud
11229,Dry days preceding precipitation event
11230,Duration
11231,"Effluent back pressure, discharge pipe"
11232,Effluent dilution ratio
11233,n-Eicosane
11234,Elevation of original ground
11235,Elevation of top of well casing
11236,"Elevation, top of mine pool"
11237,"Enterococci: group D, MF trans, M-E, EIA"
11238,Equipment inspection - visual
11239,"Equipment outage, length of downtime"
11240,"Equipment outage, number of occurrences"
11241,Estradiol
11242,"Ethylamine, whole water"
11243,Phenyltoloxamine
11244,Diethylamine
11245,Diethylhydroxylamine
11246,N-Nitrosodiethylamine
11247,Methyl ethyl sulfide
11248,Bis[2-chloroethoxy]methane
11249,"1,1,1,2-Tetrachloroethane"
11250,"Tetrafluroethane-1,1,1,2, total,water"
11251,"1,1,1-Trichloro-2,2,2-trifluoroethane"
11252,"1,1,1-Trifluoroethane"
11253,TMOA
11254,Freon 113
11255,"1,1-Dichloro-1,2,2,2-tetrafluoroethane"
11256,"1,1-Dichloro-2,2-diethoxyethane"
11257,"1,1-Difluoroethane, total, water ug/L"
11258,"Ethane, 1,2-bis[2- chloroethoxy]-, homologous sum"
11259,"1,2-Dichloro-1,2-difluoroethane"
11260,"1-Chloro-1,1-difluoroethane"
11261,"1,1-Dichloro-2,2,2-trifluoroethane"
11262,Bromodichloroethane
11263,"Bromoethane, dry weight"
11264,Chlorinated ethanes
11265,"1-Chloro-1,1,2,2,2-pentafluoroethane, water"
11266,Dichloroethane
11267,Dichlorotrifluoroethane
11268,Pentachloroethane
11269,"1,1,1,2,2-Pentafluoroethane"
11270,"Tetrachloroethane, total"
11271,Trichlorotrifluoroethane
11272,Oxalic acid
11273,Larvin
11274,Methomyl
11275,Triethylene glycol
11276,"Diethylene glycol dinitrate, total"
11277,Diethylaminoethanol
11278,Hydroxyzine
11279,Ethylene chlorohydrin
11280,2-Ethoxyethanol
11281,Methyl cellosolve
11282,2-Phenoxyethanol
11283,Acetophenone
11284,Hydroxyacetophenone
11285,"Ethylene, dissolved [C2H4]"
11286,"2-Chloroethyl vinyl ether, [mixed]"
11287,"Dichloroethene, total"
11289,Evaporator/bed obsv - assessment
11290,"Excess cement slurry, free oil"
11291,Excess thermal load
11292,"Explosives, combined TNT + RDX + tetryl"
11293,"Streptococci, fecal plate count KF agar"
11294,Ratio of fecal coliform to fecal streptoc
11295,Ferricyanide
11296,Ferrocyanide
11297,Filter backwash discharges per day
11298,Fine bleached kraft
11299,Fine paper machine - dried
11300,Fish feed used
11301,"Fish, presence"
11302,"Flash point, deg C [40 CFR 403/261.21]"
11303,Flashpoint temp of oil/solv ASTM 93-77
11304,"Debris, floating [severity]"
11305,"Floating solids, waste or visible foam-visual"
11306,Flow meter calibration
11307,"Flow rate, instantaneous"
11308,"Flow volume daily, into a well"
11309,"Flow, as a portion of stream flow"
11310,"Flow, augmented water"
11311,"Flow, average stream per composite sample"
11312,"Flow, direction"
11313,Flow [dry weather]
11314,"Flow, gallons/batch"
11315,"Flow, in conduit or thru treatment plant"
11316,"Flow, maximum during 24 hr period"
11317,"Flow, maximum flow range"
11318,"Flow, minimum flow range"
11319,"Flow, process wastewater"
11320,"Flow, pump out"
11321,"Flow, recycled"
11322,"Flow, restrictive"
11323,"Flow, return factor"
11324,"Flow, total"
11325,"Flow, wastewater by-passing trtmnt plant"
11326,"Flow, well water"
11327,Fluorine
11328,"Formation test fluids, free oil"
11329,"Formation test fluids, pH"
11330,Methyl formate
11331,Free acid
11332,"Free acid, total"
11333,Free liquids in sludge
11334,"Free oil, dewatering effluent"
11335,Freeboard
11336,Tetrahydrofuran
11338,Nitrofurans
11340,Gallons distilled
11341,"Gamma, total"
11342,Gas bubble severity
11343,"Digester gas, volume"
11344,"Gases, total dissolved"
11345,"Organics, gasoline range"
11346,"Germanium, total [as Ge]"
11347,EDTA
11348,EDTA ammoniated
11349,Tetrasodium EDTA
11350,Nitrilotriacetic acid
11351,Dodecylguanidine salts
11352,Guanidine nitrate
11353,Nitroguanidine
11375,"Hafnium, total"
11376,"Halocarbons, purgeable scan, effluent"
11377,"Halogen, total residual"
11378,"Halogens, total combined"
11379,Halomethanes
11380,"Hardness, tot calc. [Ca, Mg, Fe] as CaC03"
11381,Hatchery flow
11382,Hatchery flow treated [GPM]
11383,Heat [summer] [per day]
11384,Heat [summer] [per hour]
11385,Heat [winter] [per day]
11386,Heat [winter] [per hour]
11387,"Viable helminth ova, sludge, dry weight"
11388,Hematite Production
11389,n-Heptadecane
11390,"Herbaceous vegetation, presence"
11391,n-Hexacosane
11392,Hexadecane
11393,3-Methylhexane
11394,"Chlorohexane, total"
11395,Di[2-ethylhexyl] adipate
11396,Hexanoic acid
11397,"Hexene, total water"
11398,"1,1-Dimethylhydrazine"
11399,"1,2-Diphenylhydrazine"
11400,Methyl hydrazine
11401,"Hydrazines, total"
11402,"Hydrocarbon, total recoverable"
11403,"Hydrocarbons, in H2O, IR, CC14 extractible chromatograph"
11404,"Halogenated hydrocarbons, total"
11405,"Hydrocarbons, nitrated"
11406,"Purgeable hydrocarbons, Meth. 601"
11407,Volatile hydrocarbons
11408,Hydrogen cyanide
11409,Hydrogen ion
11412,Imco Lube 106 in drilling fluids
11413,Imco Lubrikleen in drilling fluids
11414,"Imco nos. 1,2,3,6"
11415,"Imco nos. 4,5"
11416,Imco phos in drilling fluids
11417,"Ice cover, floating or solid [severity]"
11418,Indium
11419,Industrial contribution % of influent
11420,Inert plastic spheres in drill fluids
11421,Infiltration capacity
11422,"Injection pressure, at well head"
11423,Stream width
11424,Intermittent discharge-assessment
11425,Iodide [as I]
11426,Iodine 129
11427,"Iron and manganese, total"
11428,"Iron, ferrous"
11429,Isooctane
11430,Kappa number
11431,Klebsiella species
11432,Kwik Seal in drilling fluids
11637,Lagoon freeboard
11638,Lagoon observation visual
11639,"Lanthanum, total"
11640,Unit w/liner/leachate collection system
11641,"Lead 210, total"
11642,Length of longest pH excursion
11643,Level of pathogen requirements achieved
11644,Lightly treated lignosulfonated mud
11645,Lignosulfate in drilling fluids
11646,"Explosive limit, lower"
11647,Macroinvertebrate assessment
11648,Nalco Macrotrol 9210
11649,Chlorophyll B
11650,"Chlorophyll A, corrected"
11651,"Magnesium, pct exchange"
11652,MB 121
11653,"Mercaptans, total"
11654,Metals toxicity ratio
11655,"Metals, tox priority pollutants, total"
11656,Sodium hexameta- phosphate
11657,Methylamine
11658,Tetramethyl ammonium hydroxide
11659,Bromochloromethane
11660,Dichlorobromomethane
11661,Chlorodifluoromethane
11662,Chlorofluoromethane
11663,Dibromomethane [Methylene Bromide]
11664,Dibromochloromethane
11665,Dichlorodibromomethane
11666,Dichlorodifluoromethane
11667,Dichlorofluoromethane
11668,"Difluoromethane, total,water"
11669,Bis[chloromethyl] ether
11670,"Dimethyl sulfoxide, total"
11671,Bis[trichloromethyl] sulfone
11672,"Dimethyl sulfide, total"
11673,Bromoform
11674,Trimethylorthoformate
11675,Chlorinated methanes
11676,Ethyl methanesulfonate
11677,Methyl methanesulfonate
11678,Chlorodimeform
11679,Polyram
11680,Microscopic analysis
11681,"Misc. discharges, free oil"
11682,"Misc. free oil in Western GOM, OCS"
11683,Mix ratio
11684,Mixed liquor
11685,Moisture content
11686,"Sodium molybdate, total"
11687,Monitoring well level from the surface
11688,Month excursion time [min]
11689,Morpholine
11690,N-Nitrosomorpholine
11691,"N-Nitroso compounds, volatile"
11874,1-Methylnaphthalene
11875,2-Chloronaphthalene
11876,2-Methylnaphthalene
11877,Dimethylnaphthalene
11878,Methyl naphthalene
11879,Naphthenic acid
11880,Neptune Blue
11881,Net rate of additionof heat
11882,Nickel carbonyl
11883,"Nitrobodies, total"
11884,"Nitrogenous oxygen demand [20-day, 20 C]"
11885,"Nitrogenous oxygen demand, % removal"
11886,Non-integrated fine paper
11887,Non-ionic dispersant [Nalsperse 7348]
11888,Nonyl phenoxypoly ethanol
11889,Number of batches
11890,Nutshells in drilling fluids
11891,n-Octadecane
11892,"Aluminum stearate, wat sol in drill fl"
11893,"n-Octane, total"
11894,Bromoxynil octanoate
11895,Odor [threshold no. at 40 deg cent]
11896,Odor [threshold no. at 60 deg. C]
11897,"Odor, atmospheric [severity]"
11898,Odor [Threshold Number]
11899,Oil & grease [polar]
11900,"Oil & grease, non-polar material"
11902,Oil - separator obsv - assessment
11903,Number of operating tubes
11904,Operation of turbines
11905,Organic active ingredients [40 CFR455]
11906,"Amines, organic total"
11907,Total Organic Carbon % Removal
11908,"Organics, total halogens [TOX]"
11909,"Organic nitrogen sludge, tot dry wt."
11910,Organic pesticide chemicals [40 CFR455]
11911,"Organics, tot purgeables [Method 624]"
11912,"Osmotic pressure, total, unf whl wtr"
11913,"Outfall observation,visual, y/n response"
11914,Overflows [days per month]
11915,Overflows
11916,"Overflow volume [SS0 volume, CSO volume]"
11917,"Oxidants released, total residual"
11918,"Oxidants, free available"
11919,"Oxidants, total residual"
11920,Redox [oxidation reduction potential]
11921,Epichlorohydrin
11922,"9,10-Epoxystearic acid"
11923,"Oxygen demand, dissolved"
11924,"Oxygen demand, nitrogenous, ultimate"
11925,"Oxygen demand, sum product"
11926,"Oxygen demand, total"
11927,"Oxygen demand, ult., percent removal"
11928,Oxygen injection diversion
11929,Oxygen transfer efficiency
11930,"Oxygen, dissolved, % of time violated"
11984,"Palladium, total [as Pd]"
11985,Attapulgite in drilling fluids
11986,"Panthalium, total"
11987,Paper production
11988,Paper-grade sulfite pulp & paper
11989,Paraben [methyl and propyl]
11990,"Particulates, floating"
11991,"Particulates, floating, dry weight"
11992,2-Methylpentane
11993,3-Methylpentane
11994,Pentanoic acid
11995,% of fecal coliform samples < detectable
11996,% of time exceeding pH limits
11997,Potassium permanganate
11998,Permission to discharge
11999,"Chlorinated pesticides, total"
12000,"Chlorinated pesticides, total & PCB's"
12001,Dimethylpropylphenol
12002,"2,3,4,5-Tetrachlorophenol"
12003,Tetrachloroguaiacol [4cg] in whole water
12004,"2,3,4,6-Tetrachlorophenol"
12005,"4,5,6-Trichloroguaiacol"
12006,"2,3-Dichlorophenol, total"
12007,"2,4,6-Trichlorophenol"
12008,Ammonium picrate
12009,"2,4-Di-tert-pentylphenol, total"
12010,"2,4-Dichlorophenol"
12011,"2,4-Dinitrophenol"
12012,"2,5-Dichlorophenol"
12013,"4-Methyl-2,6-di-tert-butylphenol"
12014,"2,6-Dichlorophenol"
12015,Propoxur
12016,Dinoseb
12017,Methallyloxyphenol
12018,4-t-Amyl-2-chlorophenol
12019,o-Cresol
12020,Trichlorosyringol
12021,"3,4,5-Trichloroguaiacol"
12022,"3,4,6-Trichloroguaiacol, total"
12023,"3,4-Dichlorophenol"
12024,"3,4-Dimethylphenol"
12025,Methiocarb
12026,3-Chlorophenol
12027,4-Nitro-m-cresol
12028,Diethylstilbesterol
12029,"4,4'-Butyldenebis[6-t-butyl-m-cresol]"
12030,Mexacarbate
12031,Aminocarb
12032,4-Chlorophenol
12033,"4-Chloro-2,6-dinitrophenol"
12034,2-Methyl-4-chlorophenol
12035,"4-Chloro-3,5-dimethylphenol"
12036,para-Chloro-meta-cresol
12038,"Dichlorophenol, in water, ug/L"
12039,"Dichloro-4-[1,1-dimethylpropylphenol]"
12040,Octylphenol
12041,Sodium pentachloro- phenate
12042,Trichlorophenol
12043,Phosphated pesticides
12044,HEDP
12045,Dyfonate
12046,Trichloronate
12047,Leptophos
12048,EPN
12049,DMPA
12050,"Methamidophos, organic pesticide"
12051,Tetrachlorvinphos
12052,Naled
12053,Dichlorvos
12054,Tetrachlorvinphos [Stirofos]
12055,Chlorfenvinphos
12056,Phosphamidon
12057,Dicrotophos
12058,Diazoxon
12059,Monocrotophos
12060,Isodecyl diphenyl phosphate
12061,Triaryl phosphate
12062,Triphenyl phosphate
12063,Hexamethylphosphoramide [HMPA]
12064,N-2-mercaptoethylbenzenesulfamide
12065,Phorate
12066,Azinphos-ethyl
12067,"O,O-Diethyl S-methyl dithiophosphate"
12068,Dimethoate
12069,Prothiofos
12070,Bolstar
12071,Ethoprop
12072,Dioxathion
12073,Ethion
12074,Phosmet
12075,Phosalone
12076,Terbufos [counter] total
12077,Trithion
12078,"Phosphorothioic acid, O,O,O-triethyl ester"
12079,Chlorpyrifos
12080,Demeton
12081,Fensulfothion
12082,Thionazin
12083,Ronnel
12084,Chlorpyrifos methyl
12085,Fenitrothion
12086,Fenthion
12087,Dichlofenthion
12088,Coumaphos
12089,Famphur
12090,DEF
12091,Merphos
12092,"Phosphorous 32, total"
12093,Phytoplankton
12094,"Piperdin, total"
12095,1-Nitrosopiperidine
12096,Plant capacity fact. percent of capacity
12097,Plant intake as % of stream flow
12098,"Plate count, total 35 deg. C, 24 hour"
12099,"Platinum, total [as Pt]"
12100,Tetraethyl lead as alkyl lead
12101,Plume surface area
12102,Pollutant table from 503.13
12103,Total polonium
12104,Polonium 210
12105,Octylphenoxy polyethoxyethanol
12106,Polyacrylamide chloride
12107,Pond observation
12108,Population served
12109,Potassium chloride in drilling fluids
12110,"Potassium, total [K2O], [water]"
12111,"Potassium, pct exchange"
12112,Power plant load in megawatts
12113,"Precipitation, total defined period/in"
12114,Precipitation volume
12115,"Precipitation, monthly accumulation"
12116,Pressure as pertaining to wells
12117,Pressure difference
12118,Pressure in annulus of waste inject well
12119,"Pressure, bottom-at well bottom"
12120,"Pressure, casing"
12121,Priority pollutant chemical specific
12122,Priority pollutants scan [yes/no]
12123,Total acid priority pollutants
12124,Total base/neutral priority pollutants
12125,Process to further reduce pathogens
12126,Process to significntly reduce pathogens
12127,"Produced sand, free oil"
12128,"Produced sand, weight"
12129,Produced water toxicity 7 day noec
12130,"Produced water, TDS"
12131,"Produced water, flow"
12132,"Produced water, free oil"
12133,"Produced water, toxicity"
12134,Production divided by days operated mo.
12135,"Production, seafood effluent"
12136,"Production, total, megawatts"
12137,Isobutyraldehyde
12138,Aldicarb sulfoxide
12139,Aldicarb sulfone
12140,Aldicarb
12141,Devrinol [Napropamide]
12142,Propanil
12143,"Tripropyl orthoformate, total"
12144,"1,2,3-Trichloropropane"
12145,"1,3-Dichloropropane"
12146,1-Ethoxy-2-methylpropane
12147,Isopropyl ether
12148,Bis[2-chloro-1-methylethyl] ether
12149,Bis[2-chloroisopropyl] ether
12150,"2,2-Dichloropropane"
12151,"2,2-Dimethoxypropane"
12152,Trichloropropane
12153,Propanediol
12154,Cyanazine
12155,Dalapon
12156,"2,4,5-Trichlorophenoxypropionic acid"
12157,Isooctyl silvex
12158,"2,4,5-TP[silvex] acids/salts, whole water sample"
12159,MCPP
12160,"Protein, crop crude %"
12161,Pulp Production
12162,Pump hours
12163,Purchased paper
12164,Pyrethrins
12165,3-Methylpyridine
12166,N-Nitrosopyrrolidine
12167,Quarternary ammonium compounds
12168,N-Alkyldimethylbenzylammonium chloride
12169,Quinoline
12170,Ethoxyquin
12171,"RCRA/CERCLA substances, 40 CFR 261 subp c"
12172,"Alpha emitting radium isotopes, dissolved"
12173,"Radium 223, total"
12174,"Radium 224, total"
12175,"Radium 226 & 228, dissolved"
12176,Rainfall duration
12177,Rainfall events
12178,"Rare earth metals, total"
12179,Raw materials processed
12180,Recirculation flow
12181,"Recirculation, percent of plant flow"
12182,Report due [yrmoda]
12183,Reservoir storage
12184,"Residue, tot fltrble [dried at 105 C]"
12185,"Residue, total non-settleable"
12186,"Resin acids, total"
12187,"Rhenium, total"
12188,"Rhodium, total"
12189,"Rubidium, total [as Rb]"
12190,Runoff-spray irrigation field to stream
12191,"Ruthenium, total"
12192,Salinity
12193,Salmonella
12194,"Samarium, total [as Sm in water]"
12195,"Sanitary waste, BOD, 5-day"
12196,"Sanitary waste, TSS"
12197,Sanitary waste discharged-assessmnt
12198,"Sanitary waste, fecal coliform"
12199,"Sanitary waste, flow"
12200,"Sanitary waste, residual chlorine"
12201,"Sanitary waste, solids"
12202,"Seabed survey, industry wide"
12203,"Seafood production, effluent # day/mo"
12204,Seawater gel mud
12205,Seawater in drilling fluids
12206,Sediment sample [dry weight]
12207,Septage discharged to treatment fac.
12208,"Solids, Settleable, Net"
12209,Settleable solids percent removal
12210,Settling index as pertaining to wells
12211,"Silicon, total"
12212,"Silver, ionic"
12213,"Betz slimicide C-31, total"
12214,"Betz slimicide C-74, total"
12215,Sludge build-up in water
12216,Sludge buildup visual
12217,Sludge hydraulic loading
12218,"Sludge return rate, % of plant flow"
12219,Sludge settleability 30 minute
12220,Sludge volume daily into a well
12221,Sludge volume index [SVI]
12222,Sludge waste from secondary clarifiers
12223,"Sludge weight, wet"
12225,"Sludge, rate of wasting"
12226,Sodium adsorption ratio
12227,"Sodium, % exchangeable soil, total"
12228,"Sodium, % total cations"
12229,Solids accumulation rate tot dry weight
12230,"Solids, fixed dissolved"
12231,"Solids, dissolved- tons"
12232,"Solids, volatile dissolved"
12233,"Solids, dry, discharge to sol. handling sys."
12234,"Solids, dry, incin.as%ofdrysol.fromtrmtplt"
12235,"Solids, dry, removed from sol. handling sys."
12236,"Solids, fixed, % of total solids"
12237,"Solids, large fraction, suspended"
12238,"Solids, sludge, total, dry weight"
12239,"Solids, small fraction, suspended"
12240,"Solids, suspended percent removal"
12241,"Solids, suspended percent removal, dry"
12242,"Solids, suspended percent removal, wet"
12243,"Solids, fixed suspended"
12244,"Residue, volatile nonfilterable"
12245,"Solids, total dissolved [inorganic]"
12246,"Solids, total dissolved, total tons"
12247,"Solids, total diss., percent by weight"
12248,"Solids, total non- volatile, non-fixed"
12249,"Solids, total suspd. non-volatile"
12250,"Solids, total susp. per 1000 gallons"
12251,"Solids, total susp. per batch"
12252,"Solids, total susp per production"
12253,"Solids, total susp. per cfs of streamflw"
12254,"Solids, total suspended, loading rate"
12255,"Residue, total volatile"
12256,"Solids, total volatile, percent removal"
12257,"Solids, total fixed"
12258,"Solids, total, percent"
12259,"Solids, total, sludge, percent"
12260,"Solids, volatile % of total solids"
12261,"Solids, volatile susp., in mixed liquor"
12262,"Solids, volatile suspended, % removal"
12263,Specific conductance
12264,Specific gravity
12265,Spectrus CT 1300
12266,Spinosad [DE-105]
12267,Spray irrigation
12268,"Spray irrigation, application rate"
12269,Tributyltin
12270,Starch in drilling fluids
12271,Stickwater discharge
12272,"Stickwater, effluent percent recycled"
12273,"Stickwater, effluent volume recycled"
12274,"Stock base fluid, PAH"
12275,"Stock base fluid, biodegredation rate"
12276,"Stock base fluid, sediment toxicity"
12277,Storm water flow
12278,Stream flow [severity]
12279,"Stream flow, estimated"
12280,"Stream flow, instantaneous"
12281,Streamflow
12282,Stream stage
12283,Stream velocity
12284,"Strontium, dissolved"
12285,"Strontium 90, total"
12286,Sulfide-hydrogen sulfide [undissociated]
12287,Sulfite [as SO3]
12288,Sulfite pulp
12289,"Sulfur dioxide, total"
12290,"Sodium sulfate, total"
12291,Barite in drilling fluids
12292,Propargite
12293,"Sum BOD and ammonia, water"
12294,"Surface area, square feet"
12295,Surface loading rate
12296,"Surfactants, as CTAS, effluent"
12297,Inorganic suspended solids
12298,"Suspended solids, total annual"
12299,"Suspended solids, total discharge"
12300,Syltherm
12364,Tannin and lignin
12365,Lignite in drilling fluids
12366,Taste [severity]
12367,"Taxa, total number"
12368,"Technetium 99, total [14]"
12370,"Tellurium, total"
12371,Temp. diff. between intake and discharge
12372,Temp. diff. between samp. & upstrm deg. C
12373,Temp. diff. between samp. & upstrm deg. F
12374,Temp. diff. between up/down stream deg. F
12375,"Temp. difference, summer [deg. F]"
12376,"Temp. difference, winter [deg. F]"
12377,"Temp. difference, summer [deg. C]"
12378,"Temp. difference, winter [deg. C]"
12379,Temperature of sample upon arrival at lab
12380,Temperature rate of change deg. C/hr
12381,Temperature rate of change deg. F/hour
12382,"Temperature rise, length of excursion"
12383,"Temperature, air [degrees Centigrade]"
12384,"Temperature, air [degrees Fahrenheit]"
12385,Calculated limit
12386,"Temperature, length of excursion"
12387,"Temperature, summer [deg. C]"
12388,"Temperature, summer [deg. F]"
12389,"Temperature, water deg. fahrenheit"
12390,"Temperature, winter [deg. C]"
12391,"Temperature, winter [deg. F]"
12392,Terpineol
12393,Tetrachlorobiphenyl
12394,n-Tetradecane
12398,Thermal efficiency
12399,Thiocarbamates
12400,Thiocyanate [as SCN]
12401,TCMTB
12402,Chloroethylenebisthiocyanate
12403,Methylenebisthiocyanate
12404,Sulfotepp
12405,Aspon
12406,Thiosulfate ion[2-]
12407,Thorium 230
12408,"Threatened & endangered species, presence"
12409,Tidal stage
12410,Time each pumping rate utilized
12411,Time of bromine addition
12412,Time of ferrous sulfate addition
12413,"Time, ending [hhmm using 24-hour clock]"
12414,"Time, starting [hhmmusing 24-hour clock]"
12415,Torq trim it in drilling fluids
12416,Total residual ooxidant-discharge time
12417,Total agg concentration #1
12418,Total agg concentration #2
12419,Total agg concentration #3
12420,Total agg concentration #4
12421,Total agg concentration #5
12422,Total agg concentration #6
12423,Total agg concentration #7
12424,Total agg concentration #8
12425,"Hardness, Ca Mg Calculated [mg/L as CaCO3]"
12426,"Metals, total"
12427,"Fats, oils & grease [total o & g less TPH]"
12428,Total Petroleum Hydrocarbons - Diesel
12429,Total production - days
12430,Total susp. solids- lb/cu ft process
12431,Total water accumulations
12432,Toxicity characteristic leaching procedure
12435,"Toxicity, choice of species"
12437,"Toxicity, final conc toxicity units"
12440,"Toxicity, salmo acute"
12441,"Toxicity, salmo chronic"
12442,"Toxicity, sand dollar"
12443,"Toxicity, trout"
12444,"Toxics, percent removal"
12445,"Tin, tri-organo-"
12446,"Tritium, total"
12447,"Tritium, total counting error [pc/L]"
12448,"Tritium, total net increase H-3 units"
12449,Turbidity [severity]
12450,"Turbidity, change"
12451,"Turbidity, hellige [silicon dioxide]"
12452,"Turbidity, increase over background"
12453,"Turbidity, % increas over intake"
12454,"Turbidity, time above limit"
12455,"Turbidity, transmissometer, %"
12456,Ultraviolet light dosage
12457,Ultraviolet light intensity
12458,Ultraviolet light transmittance
12459,Unit boundary to property line distance
12460,"Uranium 235, total"
12461,"U-236, total wtr"
12462,Uranyl-ion
12463,Diuron
12464,Linuron
12465,Monuron
12466,"N,N'-Diethylcarbanilide"
12467,Fluometuron
12468,Fenuron
12469,Siduron
12470,Tebuthiuron
12471,Neburon
12472,"Tetramethylurea, total"
12473,Vector attraction reduction alternative used
12474,Vegetative cover
12475,Velocity of discharge
12476,Velocity of intake
12477,Human enteric virus
12478,Viscosity
12479,"Volatile compounds, [GC/MS]"
12480,Volatile halogenated hydrocarbons
12481,"Volatile halogenated organics [VHO], tot"
12482,Total volatile priority pollutants
12483,"Volume, daily"
12484,Volume
12485,WLA BOD-5 day value
12486,"WWT drill fluid/cutting, haz metal disch"
12487,"WWT drill fluids/cuttings, COD"
12488,"WWT drill fluids/cuttings, TDS"
12489,"WWT drill fluids/cuttings, TSS"
12490,"WWT drill fluids/cuttings, chlorides"
12491,"WWT drill fluids/cuttings, chromium"
12492,"WWT drill fluids/cuttings, pH"
12493,"WWT drill fluids/cuttings, zinc"
12494,Waste heat rejection rate
12495,WWT drill fluids/cuttings free oil
12496,"WWT drill fluids/cuttings, oil & grease"
12497,Volume of injected wastewater
12498,Water backwash
12499,Water level at sample collection time
12500,Water level relative to mean sea level
12501,Water softener backwash
12502,"Transparency, secchi disc"
12503,Water treatment additives
12504,Water usage
12505,"Well fluids, free oil"
12506,"Well fluids, pH"
12507,"Well fluids, volume"
12508,"Wetland overflow, y/n response"
12509,"WET, sublethal retest #1"
12510,Wind direction [deg from true N]
12511,Wind velocity
12512,"Woody vegetation, presence"
12513,XC Polymer in drilling fluids
12514,Rhodamine WT dye
12515,"Yttrium, total recoverable"
12516,"Ziram, organic pesticide"
12517,SOPP
12518,Sodium-o-PPTH
12519,"3,3'-Dichlorobenzidine"
12520,Dimethylbenzidine
12521,p-Aminobiphenyl
12522,"Phenylphenol, 4- total"
12523,Rotenone
12524,pH change [range]
12525,pH exchange [su]
12526,"pH range excursions, > 60 minutes"
12527,"pH, CaCO3 stability"
12528,"pH, in soil"
12529,"pH, lab"
12530,"pH, maximum"
12531,"pH, minimum"
12532,"pH range excursions, monthly total accum"
12550,"2,4-DDD [O,P-DDD]"
12551,"2,4-DDE [O,P-DDE]"
12552,Propicanazole
12553,Chiral [Stereoisomer of MP062]
12554,MP062 [Steward]
12555,Esfenvalerate [Asana]
12556,Pirimicarb
12557,Pymetrozine
12558,Pyrifenox
12559,Trichorofon
12560,Cycles Of Concentration
12562,"Acetate, Total"
12563,Propionitrile
12564,"2,6-Dimethylphenol"
12565,"2,5-Dimethyphenol"
12566,"2,3-Dimethylphenol"
12567,Propanal
12568,Pentanal
12569,m-Toluadehyde
12570,Hexanal
12571,Bifenthrin
12572,Chlorethoxyfos
12573,Cyfluthrin
12574,Tebupirimfos
12575,Profenofos
12576,Tefluthrin
12577,Temephos
12578,Tert-Amyl Methyl Ether
12579,"Chlordane - Nonachlor, Cis"
12580,"Chlordane - Nonachlor, Trans"
12581,p-Chlorotoluene
12582,"Permanganate, Total"
12583,"Chlordene, Gamma"
12584,Chloramine-T
12585,PVP-Iodine
12586,"Nitrogen, Total as NO3 + NH3"
12587,Sodium Hypochlorite Bleach
12588,Ethyl methacrylate
12589,"Chlordene, Alpha"
12590,Oxychlordane
12591,Methylmercury
12595,Offensive Conditions
12596,Bromate
12597,"Tetryl [2,4,6-Trinitrophenylmethylnitramine]"
12598,Isoeugenol
12599,Heptachlor + Heptachlor Epoxide
12603,Trichloronitromethane
12604,Calcium Chloride
12605,"Cesium-137 [CS-137], Total"
12606,"Potassium-40 [K-40], Total"
12607,Lead 212
12608,Bismuth 214
12609,Thorium 234
12610,Lead 214
12611,Actinium 228
12612,Thallium 208
12613,Niclosamide
12616,Folpet Water Total
12617,Diisopropyl methylphosphonate
12618,N-Nitroso-N-Methylethylamine
12619,Furmecyclox
12620,"1,1-Dichloropropene"
12621,S-Trichlorobenzene [Sym-Trichlorobenzene]
12623,Perfluorooctanoic Acid
12625,Perfluorooctanesulfonamide
12626,Isodrin
12627,Strobane
12628,Perthane
12629,MCPA 2-ethylhexyl ester
12630,"Selenite, Total Recoverable"
12631,"Selenate, Total Recoverable"
12632,"Protactinium 234, Dry Weight"
12633,Water Elevation
12634,Azithromycin
12635,Ciprofloxacin
12636,Ibuprofen
12637,Ethinyl Estradiol
12640,Estrone
12641,Amoxicillin
12642,Ampicillin
12643,Diethylene Glycol Monoethyl Ether
12644,Salicylic Acid
99999,"Solids, Total Suspended, Net Value"
200000121,Baitfish
200000141,tert-Butylphenol
200000142,3-methylphenol and 4-methylphenol Combination
200000143,"[1,1,3,3-Tetramethylbutyl]phenol"
200000181,Haloacetic acids [HAA5]
200000221,n-Propyl Bromide
200000282,Rate of Discharge
200000302,Carfentrazone
200000303,Fluridone
200000304,Penoxsulam
200000305,Triclopyr
200000306,Imazapyr
200000307,Americium-241
200000308,Plutonium-239
200000345,"Fuel oil, no. 5"
200000361,Plutonium-238
200000421,Evaporation Total
200000461,Dibromoacetic acid [DBAA]
200000462,Dichloroacetic acid [DCAA]
200000463,Monobromoacetic acid [MBAA]
200000501,"1,2,3-Benzotriazole"
200000502,Dipropylene Glycol
200000503,GB Agent
200000541,Transparency
200000561,Calcium Dimethyldithiocarbamate
200000581,Sodium dodecylbenzene sulfonate
200000582,"3,3'-Dimethoxybenzidine"
200000583,3-Chloroaniline
200000584,Diphenamid
200000585,m-Toluidine
200000586,1-Chloro-2-nitrobenzene
200000621,Glyoxal
200000641,Guaiacol [2-methoxyphenol]
200000681,Polyacrylamide
200000701,"1,3-Dinitrobenzene"
200000702,"4-Amino-2,6-dinitrotoluene"
200000703,"2-Amino-4,6-dinitrotoluene"
200000704,2-Nitrotoluene
200000705,3-Nitrotoluene
200000721,5-Chloro-2-methyl-4-isothiazolin-3-one
200000722,2-methyl-4-isothiazolin-3-one
200000723,Phosphonocarboxylic Acid Salt
200000724,Phosno-Butanetricarboxylic Acid Salt
200000741,Perfluoropentanoic acid
200000742,Perfluorohexanoic acid
200000743,Perfluoroheptanoic acid
200000744,Perfluorononanoic acid
200000745,Perfluoroundecanoic acid
200000746,Perfluorodecanoic acid
200000747,Perfluorododecanoic acid
200000748,Perfluorotridecanoic acid
200000749,Perfluorotetradecanoic acid
200000750,Perfluorobutane Sulfonate
200000751,Perfluorohexane Sulfonate
200000752,Perfluoroheptane Sulfonate
200000753,Perfluorodecane Sulfonate
200000754,8:2 Fluorotelomer Alcohol
200000755,10:2 Fluorotelomer Alcohol
200000756,8:2 Fluorotelomer Acrylate
200000757,10:2 Fluorotelomer Acrylate
200000759,N-methylperfluorooctane Sulfonamidoethanol
200000761,2-[N-ethylperfluorooctanesulfonamido] acetic acid
200000762,2-[N-methylperfluorooctanesulfonamido] acetic acid
200000781,Dimethyldithiocarbamate
200000782,"Surfactants, anionic "
200000783,"Surfactants, nonionic"
200000801,Ethyl acrylate
200000823,"Flash point, deg F [40 CFR 403/261.21]"
200000861,Chlorhexidine diacetate
200000862,Coconut Diethanolamide
200000881,C9-C10 Aromatics
200000882,C19-C36 Aliphatics
200000901,.lambda.-Cyhalothrin
200000902,Cypermethrin
200000903,Total Petroleum Hydrocarbons - Diesel and Waste Oil
200000921,N-ethylperfluorooctane Sulfonamidoethanol
200000941,Imidacloprid [Neonicotinoid]
200000961,Thorium-230 + Thorium-232
200000981,Isopropylamine
200001001,Peracetic Acid
200001022,Ethoxylated alkyl quaternary ammonium compound [generic]
200001023,Dimethyl Benzyl Ammonium Chloride
200001041,Florfenicol
200001061,Methyl Isobutyl Carbinol
200001062,Potassium Amyl Xanthate [PAX]
200001081,3-Methylcholanthrene
200001082,"Dibenz[a,j]acridine"
200001083,Benzo[rst]pentaphene
200001084,Perylene
200001101,"Oil based fluids, non-aqueous based drilling fluids and cuttings"
200001121,Corrosion Inhibitor
200001141,1-Chloropropane
200001161,Penicillin G Potassium
200001181,C3 Dimer Acid/Salt
200001201,"2-Ethyl-9,10-Anthraquinone"
200001202,Sodium Tolytriazole
200001221,"Biomass, fish"
200001241,Fish feed used efficiency
200001261,Critical Dilution
200001323,Screen Efficiency
200001324,Screen Area Blockage
200001325,Intake Velocity Excusions
200001326,Fish/Shellfish Impinged
200001341,Poly[hexamethylenebiguanide] hydrochloride
200001361,"Dibenz[a,h]acridine"
200001362,"Dibenzo[a,e]pyrene"
200001363,"Dibenzo[a,h]pyrene"
200001381,Dilantin [Phenytoin]
200001382,Iopromide
200001383,Nonylphenol diethoxylate
200001401,Meprobamate
200001402,Iohexol
200001403,Nonylphenol monoethoxylate
200001404,Octylphenol diethoxylate
200001405,Octylphenol monoethoxylate
200001406,Sulfamethoxazole
200001407,Tris[2-chloroethyl] phosphate [TCEP]
200001408,Trimethoprim
200001421,Dixylylethane [DEX]
200001441,"2,4-Dinitroanisole"
200001481,"Tetrahydroxymethylphosphonium chloride, THPC"
200001501,"1,2,3,4-Tetrachlorobenzene"
200001521,Biotic Index
200001541,Fipronil
200001542,Diclofenac
200001561,Galaxolide
200001562,"TDCPP [Tris[1,3-dichloro-2-propyl] phosphate]"
200001601,Percent Base Saturation
200001641,"3,4-Dinitrotoluene"
200001661,Soil Erodibility Potential
200001681,Barium oxide
200001682,Manganese oxide
200001683,Phosphorus Pentoxide
200001685,Sodium oxide
200001701,Clostridium perfringens
200001721,"Heterotrophic bacteria, total"
200001741,Tetramethylammonium chloride
200001762,Run time
200001781,Total Amount Land Applied
200001801,Nitrotriazolone [NTO]
200001821,"Carbon, dissolved inorganic [as C]"
200001841,Mixing Zone
200001861,Dimethyldiallylammonium chloride
200001881,Poly[diallyldimethylammonium chloride]
200001901,Potassium aluminum sulfate [Alum]
300000576,Chloroacetaldehyde
320001941,2-Methyl-5-nitrobenzenamine
320001961,Benzofluoranthene
320001981,"Observation, Manatees"
320002001,Sediment Oxygen Demand
320002021,Chlorinated benzenes
320002041,Cymene
320002061,"1,2-Dinitrobenzene"
320002081,Vibrio cholerae
320002101,Wetlands Monitoring
320002102,"2,2',5-TrCB , PCB-18  congener"
320002103," 2,4,4'-TrCB, PCB-28  congener"
320002104,"3,4,4'-TrCB , PCB-37  congener"
320002105,"2,2',3,5'-TeCB, PCB-44  congener"
320002106,"2,2',4,5'-TeCB , PCB-49  congener"
320002107,"2,2',5,5'-TeCB, PCB-52  congener"
320002108,"2,3',4,4'-TeCB, PCB-66  congener"
320002109,"2,3',4',5-TeCB , PCB-70  congener"
320002110,"2,4,4',5-TeCB , PCB-74  congener"
320002111,"2,2',3,4,5'-PeCB , PCB-87  congener"
320002112,"2,2',4,4',5-PeCB , PCB-99  congener"
320002113,"2,2',4,5,5'-PeCB, PCB-101  congener"
320002114,"2,3,3',4',6-PeCB , PCB-110  congener"
320002115,"2,3',4,4',6-PeCB , PCB-119  congener"
320002116,"2,2',3,3',4,4'-HxCB, PCB-128  congener"
320002117,"2,2',3,4,4',5'-HxCB, PCB-138  congener"
320002118,"2,2',3,4',5',6-HxCB , PCB-149  congener"
320002119,"2,2',3,5,5',6-HxCB , PCB-151  congener"
320002120,"2,2',4,4',5,5'-HxCB, PCB-153  congener"
320002121,"2,3,3',4,4',6-HxCB , PCB-158  congener"
320002122,"2,3',4,4',5',6-HxCB , PCB-168  congener"
320002123,"2,2',3,3',4,4',5-HpCB, PCB-170  congener"
320002124,"2,2',3,3',4',5,6-HpCB , PCB-177  congener"
320002125,"2,2',3,4,4',5,5'-HpCB, PCB-180  congener"
320002126,"2,2',3,4,4',5',6-HpCB , PCB-183  congener"
320002127,"2,2',3,4,4',6,6'-HpCB , PCB-184  congener"
320002128,"2,2',3,4',5,5',6-HpCB, PCB-187  congener"
320002129,"2,2',3,3',4,4',5,5'-OcCB , PCB-194  congener"
320002130,"2,2',3,3',4,5',6,6'-OcCB , PCB-201  congener"
320002131,"2,2',3,3',4,4',5,5',6-NoCB, PCB-206  congener"
320002181,"DDT/DDD/DDE, sum of p,p' isomers"
320002201,Imazamox
320002221,Mineral Spirits - Odorless
320002241,Oil-Based Defoamer
320002242,Polydimethylsiloxanes
320002261,Beta/photon emitters
320002281,"Uranium, total as U3O8"
320002301,Resin and Fatty Acids
320002321,Corrosivity
320002361,Triallyl cyanurate [TAC]
320002381,Microcystin
320002402,Process 4 Product Output
320002403,Date Dewatering Began
320002404,Date of Sample Collection
320002421,Time of Sample Collection
320002441,Precious Metals Produced
320002461,"BOD, 120 Day, 20 Degrees C"
320002481,Specific Oxygen Update Rate [SOUR]
320002501,"CSS volume, Percent Captured"
320002521,N-Nitrosodiethanolamine
320002522,Chloronaphthalene
320002523,Aramite
320002541,Total PFOA and PFOS
320002561,"2,3,5,6-Tetrachlorophenol"
320002641,Annual Certification Statement
320002661,Cesium-134
320002681,Uranium-234
320002721,Diazinon + Chlorpyrifos
320002741,Plutonium-239 and Plutonium-240 combined
320002841,Volume [mass]
320002842,Screen Shutdown/Visual Remote Inspection Fail
