"CWNS_ID","FACILITY_ID","STATE_CODE","HUC","WATERSHED_NAME","WATERSHED_PRIMARY_FLAG"
"06008023006",2942689,"CA","18070204","Newport Bay","Y"
"06001036001",1175202,"CA","18010110","Russian","Y"
"06002025001",1175283,"CA","18050001","Suisun Bay","Y"
"06002049001",1175309,"CA","18050006","San Francisco Coastal South","Y"
"06003037001",1175402,"CA","18060013","Santa Barbara Coastal","Y"
"06003094001",406088,"CA","18060006","Central Coastal","Y"
"06023029001",3378890,"CA","18060005","Salinas","Y"
"06008023003",2945422,"CA","18070201","Seal Beach","Y"
"06000000082",3607552,"CA","18100201","Whitewater River","Y"
"06000000076",3607353,"CA","18050001","Suisun Bay","Y"
"06003029002",1175397,"CA","18060005","Salinas","Y"
"06022109001",3490190,"CA","18050004","San Francisco Bay","Y"
"06003004001",1175375,"CA","18060006","Central Coastal","Y"
"06009047001",1176085,"CA","18070303","San Luis Rey-Escondido","Y"
"06008036001",1175991,"CA","18070201","Seal Beach","Y"
"06009049001",1176086,"CA","18070304","San Diego","Y"
"06005077001",1175595,"CA","18040002","Middle San Joaquin-Lower Merced- Lower Stanislaus","Y"
"06004017001",1175504,"CA","18070102","Santa Clara","Y"
"06008022001",1175976,"CA","18070203","Santa Ana","Y"
"06008023001",2942642,"CA","18070204","Newport Bay","Y"
"06005045001",1175565,"CA","18020125","Upper Yuba","Y"
"06022012001",3514318,"CA","18050004","San Francisco Bay","Y"
"06008010006",3486596,"CA","18070203","Santa Ana","Y"
"06005065001",1175586,"CA","18040009","Upper Tuolumne","Y"
"06005126001",1175657,"CA","18040002","Middle San Joaquin-Lower Merced- Lower Stanislaus","Y"
"06001047001",1175213,"CA","18010102","Mad-Redwood","Y"
"06008060001",1176008,"CA","18070204","Newport Bay","Y"
"06002016001",1175275,"CA","18050004","San Francisco Bay","Y"
"06000000196",3609511,"CA","18070102","Santa Clara",""
"06000000196",3609511,"CA","18070106","San Gabriel",""
"06005010002",1175531,"CA","18030003","Middle Kern-Upper Tehachapi-Grapevine","Y"
"06000000139",3608621,"CA","18070203","Santa Ana","Y"
"06005177001",1175687,"CA","18030007","Upper Kaweah","Y"
"06000000086",3607691,"CA","18060006","Central Coastal","Y"
"06000000102",3607908,"CA","18070304","San Diego","Y"
"06000000095",3607863,"CA","18040003","San Joaquin Delta","Y"
"06000000159",3609003,"CA","18010207","Shasta",""
"06000000159",3609003,"CA","17100312","Chetco",""
"06000000159",3609003,"CA","18020151","Clear Creek-Sacramento River",""
"06000000159",3609003,"CA","18020003","Lower Pit",""
"06000000159",3609003,"CA","18070201","Seal Beach",""
"06000000159",3609003,"CA","18060002","Pajaro",""
"06000000159",3609003,"CA","18060003","Carrizo Plain",""
"06000000159",3609003,"CA","18060012","Carmel",""
"06000000159",3609003,"CA","18100202","Carrizo Creek",""
"06000000159",3609003,"CA","18060004","Estrella",""
"06000000159",3609003,"CA","16050101","Lake Tahoe",""
"06000000159",3609003,"CA","18040051","Rock Creek-French Camp Slough",""
"06000000159",3609003,"CA","18010110","Russian",""
"06000000159",3609003,"CA","18060005","Salinas",""
"06000000159",3609003,"CA","18060001","San Lorenzo-Soquel",""
"06000000159",3609003,"CA","18070102","Santa Clara",""
"06000000159",3609003,"CA","18040011","Upper Calaveras",""
"06000000159",3609003,"CA","18070301","Aliso-San Onofre",""
"06000000159",3609003,"CA","18040002","Middle San Joaquin-Lower Merced- Lower Stanislaus",""
"06000000159",3609003,"CA","18070202","San Jacinto",""
"06000000200",3609584,"CA","18050004","San Francisco Bay","Y"
"06003021001",1175388,"CA","18060013","Santa Barbara Coastal","Y"
"06000000093",3607833,"CA","18070104","Santa Monica Bay","Y"
"06000000219",3610609,"CA","18090208","Mojave","Y"
"06005042003",1175562,"CA","18030005","Upper Deer-Upper White","Y"
"06002044004",1175304,"CA","18050002","San Pablo Bay","Y"
"06000000203",3609627,"CA","18070204","Newport Bay","Y"
"06004004001",1175459,"CA","18070104","Santa Monica Bay","Y"
"06005001001",1175523,"CA","18040010","Upper Stanislaus","Y"
"06000000213",3610443,"CA","18070106","San Gabriel","Y"
"06005055001",1175574,"CA","18040002","Middle San Joaquin-Lower Merced- Lower Stanislaus","Y"
"06000000215",3610516,"CA","18070202","San Jacinto","Y"
"06000000285",3611409,"CA","18070102","Santa Clara","Y"
"06000000281",3611405,"CA","18020153","Cottonwood Creek",""
"06000000281",3611405,"CA","18020157","Big Chico Creek-Sacramento River",""
"06000000284",3611408,"CA","18040010","Upper Stanislaus",""
"06006013001",1175866,"CA","18090208","Mojave","Y"
"06003075001",1175442,"CA","18060005","Salinas","Y"
"06005112001",1175643,"CA","18040012","Upper Mokelumne","Y"
"06000000255",3611379,"CA","18090102","Crowley Lake","Y"
"06000000255",3611379,"CA","18090101","Mono Lake",""
"06000000259",3611383,"CA","18070204","Newport Bay","Y"
"06000000276",3611400,"CA","18020005","Sacramento Headwaters",""
"06000000276",3611400,"CA","18010210","Salmon",""
"06008083001",1176027,"CA","18070203","Santa Ana","Y"
"06008001001",1175945,"CA","18070203","Santa Ana","Y"
"06024000001",3500317,"CA","18070105","Los Angeles","Y"
"06005288001",1175751,"CA","18030003","Middle Kern-Upper Tehachapi-Grapevine","Y"
"06008022002",1175977,"CA","18070204","Newport Bay","Y"
"06001038001",1175204,"CA","18050005","Tomales-Drake Bays","Y"
"06009074001",1176093,"CA","18070301","Aliso-San Onofre","Y"
"06000000137",3608581,"CA","18090205","Indian Wells-Searles Valleys","Y"
"06000000123",3608282,"CA","18030009","Upper Dry","Y"
"06002030001",1238810,"CA","18050002","San Pablo Bay","Y"
"06000000167",3609122,"CA","18070304","San Diego","Y"
"06000000289",3611431,"CA","18070203","Santa Ana","Y"
"06000000243",3611367,"CA","18090202","Upper Amargosa",""
"06000000243",3611367,"CA","16060010","Fish Lake-Soda Spring Valleys",""
"06000000275",3611399,"CA","16050102","Truckee",""
"06000000283",3611407,"CA","18030012","Tulare-Buena Vista Lakes",""
"06000000231",3611355,"CA","18040010","Upper Stanislaus",""
"06000000286",3611410,"CA","18020116","Upper Cache",""
"06000000261",3611385,"CA","18020125","Upper Yuba",""
"06000000292",3612062,"CA","18100201","Whitewater River","Y"
"06000000279",3611403,"CA","18040002","Middle San Joaquin-Lower Merced- Lower Stanislaus","Y"
"06000000234",3611358,"CA","18040012","Upper Mokelumne",""
"06000000235",3611359,"CA","18020116","Upper Cache",""
"06000000237",3611361,"CA","18010101","Smith","Y"
"06000000241",3611365,"CA","18010209","Lower Klamath",""
"06000000252",3611376,"CA","18010103","Upper Eel",""
"06000000256",3611380,"CA","18060005","Salinas","Y"
"06000000256",3611380,"CA","18060004","Estrella",""
"06000000270",3611394,"CA","18050006","San Francisco Coastal South",""
"06000000270",3611394,"CA","18050004","San Francisco Bay","Y"
"06000000272",3611396,"CA","18060002","Pajaro",""
"06000000236",3611360,"CA","18050001","Suisun Bay","Y"
"06000000299",3612632,"CA","18030010","Upper King","Y"
"06000000299",3612632,"CA","18060006","Central Coastal",""
"06000000299",3612632,"CA","16040204","Massacre Lake",""
"06000000299",3612632,"CA","18020115","Upper Stony",""
"06000000299",3612632,"CA","18050003","Coyote",""
"06000000299",3612632,"CA","18060002","Pajaro",""
"06000000299",3612632,"CA","18090202","Upper Amargosa",""
"06000000299",3612632,"CA","18020161","Auburn Ravine-Coon Creek",""
"06000000299",3612632,"CA","18020116","Upper Cache",""
"06000000299",3612632,"CA","18060010","Santa Ynez",""
"06000000299",3612632,"CA","18030001","Upper Kern",""
"06000000299",3612632,"CA","18010204","Lost",""
"06000000299",3612632,"CA","18020152","Cow Creek",""
"06000000299",3612632,"CA","18020158","Butte Creek",""
"06000000299",3612632,"CA","15030102","Piute Wash",""
"06000000262",3611386,"CA","18070202","San Jacinto",""
"06000000268",3611392,"CA","18040011","Upper Calaveras",""
"06000000298",3612631,"CA","18040006","Upper San Joaquin",""
"06000000298",3612631,"CA","16040204","Massacre Lake",""
"06000000298",3612631,"CA","18010206","Upper Klamath",""
"06000000298",3612631,"CA","18080001","Surprise Valley",""
"06000000298",3612631,"CA","18080002","Madeline Plains",""
"06000000298",3612631,"CA","18060002","Pajaro",""
"06000000298",3612631,"CA","18090202","Upper Amargosa",""
"06000000298",3612631,"CA","18100100","Southern Mojave",""
"06000000298",3612631,"CA","18060007","Cuyama",""
"06000000298",3612631,"CA","18060012","Carmel",""
"06000000298",3612631,"CA","18060009","San Antonio",""
"06000000298",3612631,"CA","18030002","South Fork Kern",""
"06000000298",3612631,"CA","18020001","Goose Lake",""
"06000000298",3612631,"CA","18070103","Calleguas",""
"06000000298",3612631,"CA","17120007","Warner Lakes",""
"06000000298",3612631,"CA","16050302","West Walker",""
"06000000306",3612787,"CA","18020159","Honcut Creek-Lower Feather River","Y"
"06000000297",3612630,"CA","18060014","Santa Barbara Channel Islands",""
"06000000297",3612630,"CA","18010108","Big-Navarro-Garcia",""
"06000000297",3612630,"CA","18050006","San Francisco Coastal South",""
"06000000297",3612630,"CA","18060008","Santa Maria",""
"06000000297",3612630,"CA","18080001","Surprise Valley",""
"06000000297",3612630,"CA","18020161","Auburn Ravine-Coon Creek",""
"06000000297",3612630,"CA","18020111","Lower American",""
"06000000297",3612630,"CA","18020155","Paynes Creek-Sacramento River",""
"06000000297",3612630,"CA","18060010","Santa Ynez",""
"06000000297",3612630,"CA","18090201","Eureka-Saline Valleys",""
"06000000297",3612630,"CA","18040001","Middle San Joaquin-Lower Chowchilal",""
"06000000297",3612630,"CA","18010107","Mattole",""
"06000000297",3612630,"CA","18060001","San Lorenzo-Soquel",""
"06000000297",3612630,"CA","18020003","Lower Pit",""
"06000000297",3612630,"CA","18070301","Aliso-San Onofre",""
"06000000297",3612630,"CA","18060012","Carmel",""
"06000000297",3612630,"CA","18050004","San Francisco Bay",""
"06000000297",3612630,"CA","18010209","Lower Klamath",""
"06000000297",3612630,"CA","18040007","Upper Chowchilla-Upper Fresno",""
"06000000297",3612630,"CA","18010211","Trinity",""
"06000000297",3612630,"CA","18070202","San Jacinto",""
"06000000297",3612630,"CA","16050302","West Walker",""
"06000000297",3612630,"CA","18030006","Upper Tule",""
"06000000260",3611384,"CA","16050102","Truckee",""
"06000000253",3611377,"CA","18040008","Upper Merced",""
"06000000254",3611378,"CA","18020001","Goose Lake",""
"06029041001",3138044,"CA","18070303","San Luis Rey-Escondido","Y"
"06008023005",2942682,"CA","18070204","Newport Bay","Y"
"06004029001",1175514,"CA","18070103","Calleguas","Y"
"06004008010",1175469,"CA","18070104","Santa Monica Bay","Y"
"06005178001",1175688,"CA","18030006","Upper Tule","Y"
"06009032001",1176070,"CA","18070303","San Luis Rey-Escondido","Y"
"06022174001",3009462,"CA","18050002","San Pablo Bay","Y"
"06002032005",443709,"CA","18050006","San Francisco Coastal South","Y"
"06001168001",3477030,"CA","18010208","Scott","Y"
"06002157001",1175367,"CA","18050004","San Francisco Bay","Y"
"06008010001",1175959,"CA","18070203","Santa Ana","Y"
"06001010005",1175180,"CA","18010102","Mad-Redwood","Y"
"06000000077",3607381,"CA","18070103","Calleguas","Y"
"06000000066",3606862,"CA","18040009","Upper Tuolumne","Y"
"06002029001",1175287,"CA","18050004","San Francisco Bay","Y"
"06005227002",3520617,"CA","18020161","Auburn Ravine-Coon Creek","Y"
"06008062001",1176010,"CA","18070203","Santa Ana","Y"
"06004003001",1175458,"CA","18070103","Calleguas","Y"
"06004009009",1175485,"CA","18090206","Antelope-Fremont Valleys","Y"
"06009023001",1176055,"CA","18070304","San Diego","Y"
"06009011001",1176042,"CA","18070303","San Luis Rey-Escondido","Y"
"06005204001",1175707,"CA","18020005","Sacramento Headwaters","Y"
"06009004001",1176034,"CA","18070303","San Luis Rey-Escondido","Y"
"06004012500",3531736,"CA","18070105","Los Angeles","Y"
"06000000115",3608101,"CA","18050004","San Francisco Bay","Y"
"06000000171",3609136,"CA","18050004","San Francisco Bay","Y"
"06000000176",3609213,"CA","18070203","Santa Ana","Y"
"06000000191",3609403,"CA","18070104","Santa Monica Bay","Y"
"06000000100",3607879,"CA","18040003","San Joaquin Delta","Y"
"06000000196",3609511,"CA","18070104","Santa Monica Bay",""
"06000000196",3609511,"CA","18070105","Los Angeles","Y"
"06000000117",3608103,"CA","18070103","Calleguas","Y"
"06000000107",3607986,"CA","18090206","Antelope-Fremont Valleys","Y"
"06009033001",1176072,"CA","18070301","Aliso-San Onofre","Y"
"06005239001",1175726,"CA","18040003","San Joaquin Delta","Y"
"06005245002",1175731,"CA","18020157","Big Chico Creek-Sacramento River","Y"
"06001002001",1175168,"CA","18010207","Shasta","Y"
"06003018001",1175385,"CA","18060015","",""
"06005113001",1175644,"CA","18030012","Tulare-Buena Vista Lakes","Y"
"06009015003",1176047,"CA","18070304","San Diego","Y"
"06002067001",1175327,"CA","18040003","San Joaquin Delta","Y"
"06000000287",3611411,"CA","18020159","Honcut Creek-Lower Feather River","Y"
"06000000233",3611357,"CA","18020121","North Fork Feather",""
"06000000278",3611402,"CA","18010110","Russian","Y"
"06000000235",3611359,"CA","18020104","Sacramento-Stone Corral","Y"
"06005322001",1175769,"CA","18040010","Upper Stanislaus","Y"
"06000000252",3611376,"CA","18010110","Russian","Y"
"06000000277",3611401,"CA","18050001","Suisun Bay","Y"
"06000000258",3611382,"CA","18020125","Upper Yuba","Y"
"06000000258",3611382,"CA","16050102","Truckee",""
"06000000266",3611390,"CA","18100203","San Felipe Creek",""
"06005147001",1175667,"CA","18070203","Santa Ana","Y"
"06000000154",3608935,"CA","18090205","Indian Wells-Searles Valleys","Y"
"06025019002",3534816,"CA","18040003","San Joaquin Delta","Y"
"06000000151",3608857,"CA","18070106","San Gabriel","Y"
"06002012001",1175273,"CA","18050004","San Francisco Bay","Y"
"06000000159",3609003,"CA","18070103","Calleguas",""
"06000000159",3609003,"CA","18090208","Mojave",""
"06000000159",3609003,"CA","18020128","North Fork American",""
"06000000159",3609003,"CA","18010206","Upper Klamath",""
"06000000159",3609003,"CA","18080002","Madeline Plains",""
"06000000159",3609003,"CA","18020163","Cache Slough-Sacramento River",""
"06000000159",3609003,"CA","18030010","Upper King",""
"06000000159",3609003,"CA","17120007","Warner Lakes",""
"06000000159",3609003,"CA","18090201","Eureka-Saline Valleys",""
"06000000159",3609003,"CA","15030101","Havasu-Mohave Lakes",""
"06000000159",3609003,"CA","18020162","Putah Creek",""
"06000000159",3609003,"CA","18030005","Upper Deer-Upper White",""
"06000000159",3609003,"CA","18030007","Upper Kaweah",""
"06000000159",3609003,"CA","18080003","Honey-Eagle Lakes",""
"06000000159",3609003,"CA","18060008","Santa Maria",""
"06000000133",3608440,"CA","18020154","Battle Creek-Sacramento River","Y"
"06000000186",3609295,"CA","18050002","San Pablo Bay","Y"
"06000000202",3609600,"CA","18070203","Santa Ana","Y"
"06025043001",2859980,"CA","18040007","Upper Chowchilla-Upper Fresno","Y"
"06008026001",1175981,"CA","18070203","Santa Ana","Y"
"06000000113",3608023,"CA","18090206","Antelope-Fremont Valleys","Y"
"06002054001",3486530,"CA","18050001","Suisun Bay","Y"
"06003028001",1175395,"CA","18060006","Central Coastal","Y"
"06000000174",3609167,"CA","18030006","Upper Tule","Y"
"06001099001",1175246,"CA","18010110","Russian","Y"
"06000000114",3608100,"CA","18050002","San Pablo Bay","Y"
"06000000221",3610640,"CA","18050004","San Francisco Bay","Y"
"06008069001",1176015,"CA","18070201","Seal Beach","Y"
"06000000222",3610650,"CA","18070203","Santa Ana","Y"
"06000000212",3610370,"CA","18070203","Santa Ana","Y"
"06000000211",3610284,"CA","18010105","Lower Eel","Y"
"06001096001",1175243,"CA","18010110","Russian","Y"
"06001035001",1175201,"CA","18010110","Russian","Y"
"06005311001",1175762,"CA","18030007","Upper Kaweah","Y"
"06000000216",3610529,"CA","18040001","Middle San Joaquin-Lower Chowchilal","Y"
"06000000274",3611398,"CA","18020154","Battle Creek-Sacramento River","Y"
"06000000240",3611364,"CA","18020104","Sacramento-Stone Corral","Y"
"06000000240",3611364,"CA","18020158","Butte Creek",""
"06000000281",3611405,"CA","18020156","Thomes Creek-Sacramento River","Y"
"06005008001",1175528,"CA","18030012","Tulare-Buena Vista Lakes","Y"
"06000000251",3611375,"CA","18040001","Middle San Joaquin-Lower Chowchilal","Y"
"06000000255",3611379,"CA","16060010","Fish Lake-Soda Spring Valleys",""
"06000000259",3611383,"CA","18070106","San Gabriel",""
"06000000276",3611400,"CA","18010207","Shasta","Y"
"06001093001",1175240,"CA","18010102","Mad-Redwood","Y"
"06000000248",3611372,"CA","18090206","Antelope-Fremont Valleys",""
"06000000265",3611389,"CA","18090207","Coyote-Cuddeback Lakes",""
"06000000265",3611389,"CA","18090205","Indian Wells-Searles Valleys",""
"06000000265",3611389,"CA","18070203","Santa Ana","Y"
"06000000283",3611407,"CA","18030005","Upper Deer-Upper White",""
"06000000283",3611407,"CA","18030006","Upper Tule",""
"06000000298",3612631,"CA","18090204","Panamint Valley",""
"06000000298",3612631,"CA","18070203","Santa Ana",""
"06000000298",3612631,"CA","18010107","Mattole",""
"06000000298",3612631,"CA","18020003","Lower Pit",""
"06000000298",3612631,"CA","18020162","Putah Creek",""
"06000000298",3612631,"CA","18050004","San Francisco Bay",""
"06000000298",3612631,"CA","18090102","Crowley Lake",""
"06000000298",3612631,"CA","18100201","Whitewater River",""
"06000000298",3612631,"CA","16050102","Truckee",""
"06000000298",3612631,"CA","18010109","Gualala-Salmon",""
"06000000298",3612631,"CA","18020151","Clear Creek-Sacramento River",""
"06000000298",3612631,"CA","18020152","Cow Creek",""
"06000000298",3612631,"CA","15030102","Piute Wash",""
"06000000297",3612630,"CA","18040002","Middle San Joaquin-Lower Merced- Lower Stanislaus",""
"06000000297",3612630,"CA","18050003","Coyote",""
"06000000297",3612630,"CA","18020125","Upper Yuba",""
"06000000297",3612630,"CA","18020126","Upper Bear",""
"06000000297",3612630,"CA","18040014","Panoche-San Luis Reservoir",""
"06000000297",3612630,"CA","18020153","Cottonwood Creek",""
"06000000297",3612630,"CA","18020104","Sacramento-Stone Corral",""
"06000000297",3612630,"CA","18090206","Antelope-Fremont Valleys",""
"06000000297",3612630,"CA","18010207","Shasta",""
"06000000297",3612630,"CA","18100204","Salton Sea",""
"06000000297",3612630,"CA","16050101","Lake Tahoe",""
"06000000297",3612630,"CA","18030004","Upper Poso",""
"06000000297",3612630,"CA","15030107","Lower Colorado",""
"06000000297",3612630,"CA","18030012","Tulare-Buena Vista Lakes",""
"06000000297",3612630,"CA","18090103","Owens Lake",""
"06000000297",3612630,"CA","18030002","South Fork Kern",""
"06000000297",3612630,"CA","18030003","Middle Kern-Upper Tehachapi-Grapevine",""
"06000000297",3612630,"CA","17100311","Illinois",""
"06000000297",3612630,"CA","18020001","Goose Lake",""
"06000000311",3613059,"CA","18070102","Santa Clara","Y"
"06000000313",3613126,"CA","18060013","Santa Barbara Coastal","Y"
"06000000260",3611384,"CA","18020111","Lower American","Y"
"06000000253",3611377,"CA","18040001","Middle San Joaquin-Lower Chowchilal","Y"
"06000000247",3611371,"CA","18020002","Upper Pit",""
"06000000247",3611371,"CA","16040204","Massacre Lake",""
"06003072001",1175440,"CA","18060008","Santa Maria","Y"
"06005216001",1175710,"CA","18020161","Auburn Ravine-Coon Creek","Y"
"06005169001",1175684,"CA","18020163","Cache Slough-Sacramento River","Y"
"06005294001",3478111,"CA","18020123","Middle Fork Feather","Y"
"06008038001",1175992,"CA","18070204","Newport Bay","Y"
"06005246001",1175732,"CA","18030006","Upper Tule","Y"
"06000000299",3612632,"CA","18010210","Salmon",""
"06000000299",3612632,"CA","18020129","South Fork American",""
"06000000299",3612632,"CA","18070204","Newport Bay",""
"06000000299",3612632,"CA","18010205","Butte",""
"06000000299",3612632,"CA","18020121","North Fork Feather",""
"06000000299",3612632,"CA","18010105","Lower Eel",""
"06000000299",3612632,"CA","16060015","Ivanpah-Pahrump Valleys",""
"06000000299",3612632,"CA","18020126","Upper Bear",""
"06000000299",3612632,"CA","18090207","Coyote-Cuddeback Lakes",""
"06000000299",3612632,"CA","18020111","Lower American",""
"06000000299",3612632,"CA","18070203","Santa Ana",""
"06000000299",3612632,"CA","18040013","Upper Cosumnes",""
"06000000299",3612632,"CA","18070107","San Pedro Channel Islands",""
"06000000299",3612632,"CA","18070101","Ventura",""
"06000000299",3612632,"CA","18050004","San Francisco Bay",""
"06000000299",3612632,"CA","18100201","Whitewater River",""
"06000000299",3612632,"CA","18060013","Santa Barbara Coastal",""
"06000000299",3612632,"CA","18040008","Upper Merced",""
"06000000299",3612632,"CA","16050301","East Walker",""
"06000000299",3612632,"CA","17100311","Illinois",""
"06000000299",3612632,"CA","18010102","Mad-Redwood",""
"06000000299",3612632,"CA","18010101","Smith",""
"06000000299",3612632,"CA","18020151","Clear Creek-Sacramento River",""
"06000000301",3612652,"CA","18010102","Mad-Redwood","Y"
"06000000303",3612732,"CA","18040009","Upper Tuolumne","Y"
"06000000262",3611386,"CA","18100203","San Felipe Creek",""
"06000000262",3611386,"CA","15030104","Imperial Reservoir",""
"06001079001",1175232,"CA","18010110","Russian","Y"
"06000000298",3612631,"CA","18010108","Big-Navarro-Garcia",""
"06000000298",3612631,"CA","18040002","Middle San Joaquin-Lower Merced- Lower Stanislaus",""
"06000000298",3612631,"CA","18100203","San Felipe Creek",""
"06000000298",3612631,"CA","18060008","Santa Maria",""
"06000000298",3612631,"CA","18070204","Newport Bay",""
"06000000298",3612631,"CA","18020115","Upper Stony",""
"06000000298",3612631,"CA","18020121","North Fork Feather",""
"06000000298",3612631,"CA","18010103","Upper Eel",""
"06000000298",3612631,"CA","18020126","Upper Bear",""
"06000000298",3612631,"CA","18040012","Upper Mokelumne",""
"06000000298",3612631,"CA","18090201","Eureka-Saline Valleys",""
"06000000159",3609003,"CA","18090206","Antelope-Fremont Valleys",""
"06000000159",3609003,"CA","18010102","Mad-Redwood",""
"06000000159",3609003,"CA","18070106","San Gabriel",""
"06000000159",3609003,"CA","18010211","Trinity",""
"06000000159",3609003,"CA","18020157","Big Chico Creek-Sacramento River",""
"06000000159",3609003,"CA","18020158","Butte Creek",""
"06000000159",3609003,"CA","18010105","Lower Eel",""
"06000000159",3609003,"CA","18070304","San Diego",""
"06000000159",3609003,"CA","16050302","West Walker",""
"06000000159",3609003,"CA","18010103","Upper Eel",""
"06000000159",3609003,"CA","18010101","Smith",""
"06000000159",3609003,"CA","18020156","Thomes Creek-Sacramento River",""
"06000000159",3609003,"CA","18030003","Middle Kern-Upper Tehachapi-Grapevine",""
"06000000159",3609003,"CA","18090207","Coyote-Cuddeback Lakes",""
"06000000159",3609003,"CA","18060007","Cuyama",""
"06000000159",3609003,"CA","16060010","Fish Lake-Soda Spring Valleys",""
"06000000159",3609003,"CA","18090103","Owens Lake",""
"06000000159",3609003,"CA","18090102","Crowley Lake",""
"06000000159",3609003,"CA","18020005","Sacramento Headwaters",""
"06000000159",3609003,"CA","18020126","Upper Bear",""
"06002006001",1175267,"CA","18050004","San Francisco Bay","Y"
"06000000116",3608102,"CA","18050004","San Francisco Bay","Y"
"06009050001",1176087,"CA","18070304","San Diego","Y"
"06004010002",1175492,"CA","18070106","San Gabriel","Y"
"06009006001",1176037,"CA","18070301","Aliso-San Onofre","Y"
"06008024001",1175978,"CA","18070203","Santa Ana","Y"
"06003076001",1175443,"CA","18060002","Pajaro","Y"
"06024007001",474006,"CA","18070104","Santa Monica Bay","Y"
"06025246001",2821302,"CA","18030007","Upper Kaweah","Y"
"06003010001",1175379,"CA","18060002","Pajaro","Y"
"06006065001",1175901,"CA","18070203","Santa Ana","Y"
"06025011001",2830221,"CA","18020158","Butte Creek","Y"
"06022044001",2864707,"CA","18050002","San Pablo Bay","Y"
"06005262001",1175743,"CA","18020122","East Branch North Fork Feather","Y"
"06008006006",1175954,"CA","18070202","San Jacinto","Y"
"06001062001",1175222,"CA","18010110","Russian","Y"
"06002110001",1175349,"CA","18050003","Coyote","Y"
"06004032001",1175516,"CA","18070105","Los Angeles","Y"
"06002175001",3224310,"CA","18050004","San Francisco Bay","Y"
"06005054001",1175573,"CA","18040013","Upper Cosumnes","Y"
"06024012500",3532616,"CA","18070105","Los Angeles","Y"
"06006009002",3522480,"CA","18090208","Mojave","Y"
"06002032003",1175289,"CA","18050004","San Francisco Bay","Y"
"06009036001",1176075,"CA","18070304","San Diego","Y"
"06009041002",1176080,"CA","18070303","San Luis Rey-Escondido","Y"
"06009041001",1176079,"CA","18070303","San Luis Rey-Escondido","Y"
"06009031002",1176067,"CA","18070304","San Diego","Y"
"06005249003",1175735,"CA","18040013","Upper Cosumnes","Y"
"06002121001",1175355,"CA","18050004","San Francisco Bay","Y"
"06009019002",1176051,"CA","18070301","Aliso-San Onofre","Y"
"06003061001",1175428,"CA","18060013","Santa Barbara Coastal","Y"
"06005159001",1175677,"CA","18040051","Rock Creek-French Camp Slough","Y"
"06004016001",1175503,"CA","18070107","San Pedro Channel Islands","Y"
"06024006001",3517876,"CA","18070102","Santa Clara","Y"
"06002032004",442052,"CA","18050002","San Pablo Bay","Y"
"06006012501",3533076,"CA","18090208","Mojave","Y"
"06005099001",1175619,"CA","18040012","Upper Mokelumne","Y"
"06005235001",1175722,"CA","18020163","Cache Slough-Sacramento River","Y"
"06008085001",1176028,"CA","18070302","Santa Margarita","Y"
"06022047001",427722,"CA","18050002","San Pablo Bay","Y"
"06002015001",1175274,"CA","18050002","San Pablo Bay","Y"
"06000000172",3609151,"CA","18060002","Pajaro","Y"
"06000000177",3609215,"CA","18070304","San Diego","Y"
"06000000196",3609511,"CA","18090206","Antelope-Fremont Valleys",""
"06000000187",3609307,"CA","18070304","San Diego","Y"
"06000000085",3607599,"CA","18070103","Calleguas","Y"
"06000000149",3608850,"CA","18070106","San Gabriel","Y"
"06000000155",3608951,"CA","18070105","Los Angeles","Y"
"06003016001",1175384,"CA","18060010","Santa Ynez","Y"
"06000000208",3609709,"CA","18060006","Central Coastal","Y"
"06000000217",3610538,"CA","18040002","Middle San Joaquin-Lower Merced- Lower Stanislaus","Y"
"06005157001",1175675,"CA","18020005","Sacramento Headwaters","Y"
"06000000274",3611398,"CA","18020004","McCloud",""
"06000000274",3611398,"CA","18020151","Clear Creek-Sacramento River",""
"06000000274",3611398,"CA","18020003","Lower Pit",""
"06002060003",1175317,"CA","18050002","San Pablo Bay","Y"
"06000000240",3611364,"CA","18020157","Big Chico Creek-Sacramento River",""
"06000000263",3611387,"CA","18040013","Upper Cosumnes",""
"06000000282",3611406,"CA","18010211","Trinity","Y"
"06000000282",3611406,"CA","18010105","Lower Eel",""
"06008071001",1176017,"CA","18070203","Santa Ana","Y"
"06000000259",3611383,"CA","18070301","Aliso-San Onofre",""
"06000000259",3611383,"CA","18070203","Santa Ana",""
"06000000276",3611400,"CA","18010208","Scott",""
"06000000276",3611400,"CA","18020004","McCloud",""
"06000000248",3611372,"CA","18070105","Los Angeles","Y"
"06000000248",3611372,"CA","18070104","Santa Monica Bay",""
"06000000265",3611389,"CA","18090203","Death Valley-Lower Amargosa",""
"06000000265",3611389,"CA","15030101","Havasu-Mohave Lakes",""
"06000000271",3611395,"CA","18060013","Santa Barbara Coastal","Y"
"06001056001",3477690,"CA","18010207","Shasta","Y"
"06000000283",3611407,"CA","18030010","Upper King",""
"06000000264",3611388,"CA","18060002","Pajaro","Y"
"06000000231",3611355,"CA","18020129","South Fork American",""
"06000000231",3611355,"CA","18040012","Upper Mokelumne",""
"06000000286",3611410,"CA","18020163","Cache Slough-Sacramento River","Y"
"06000000267",3611391,"CA","18050002","San Pablo Bay",""
"06000000233",3611357,"CA","18020158","Butte Creek","Y"
"06005062001",1175583,"CA","18040003","San Joaquin Delta","Y"
"06000000278",3611402,"CA","18050002","San Pablo Bay",""
"06000000237",3611361,"CA","17100311","Illinois",""
"06000000237",3611361,"CA","18010209","Lower Klamath",""
"06000000241",3611365,"CA","18010102","Mad-Redwood","Y"
"06000000252",3611376,"CA","18010104","Middle Fork Eel",""
"06000000257",3611381,"CA","18020162","Putah Creek",""
"06000000272",3611396,"CA","18050003","Coyote","Y"
"06000000280",3611404,"CA","18020161","Auburn Ravine-Coon Creek",""
"06000000238",3611362,"CA","18020128","North Fork American",""
"06000000242",3611366,"CA","15030107","Lower Colorado",""
"06000000266",3611390,"CA","18070302","Santa Margarita",""
"06000000299",3612632,"CA","18040006","Upper San Joaquin",""
"06000000299",3612632,"CA","18090203","Death Valley-Lower Amargosa",""
"06000000299",3612632,"CA","18020163","Cache Slough-Sacramento River",""
"06000000299",3612632,"CA","18020159","Honcut Creek-Lower Feather River",""
"06000000299",3612632,"CA","18050002","San Pablo Bay",""
"06000000299",3612632,"CA","18010212","South Fork Trinity",""
"06000000299",3612632,"CA","18070105","Los Angeles",""
"06000000299",3612632,"CA","18050001","Suisun Bay",""
"06000000299",3612632,"CA","18030004","Upper Poso",""
"06000000299",3612632,"CA","18070304","San Diego",""
"06000000299",3612632,"CA","18020123","Middle Fork Feather",""
"06000000299",3612632,"CA","18030007","Upper Kaweah",""
"06000000299",3612632,"CA","15030101","Havasu-Mohave Lakes",""
"06000000299",3612632,"CA","16050102","Truckee",""
"06000000299",3612632,"CA","18070303","San Luis Rey-Escondido",""
"06000000304",3612733,"CA","18010109","Gualala-Salmon","Y"
"06000000262",3611386,"CA","18100204","Salton Sea",""
"06000000262",3611386,"CA","18100201","Whitewater River",""
"06000000268",3611392,"CA","18040012","Upper Mokelumne",""
"06000000298",3612631,"CA","18010210","Salmon",""
"06000000298",3612631,"CA","18050006","San Francisco Coastal South",""
"06000000298",3612631,"CA","18080003","Honey-Eagle Lakes",""
"06000000298",3612631,"CA","18010105","Lower Eel",""
"06000000298",3612631,"CA","18030009","Upper Dry",""
"06000000298",3612631,"CA","18040003","San Joaquin Delta",""
"06000000298",3612631,"CA","18040014","Panoche-San Luis Reservoir",""
"06000000298",3612631,"CA","18060010","Santa Ynez",""
"06000000298",3612631,"CA","18030001","Upper Kern",""
"06000000298",3612631,"CA","18010207","Shasta",""
"06000000298",3612631,"CA","18040013","Upper Cosumnes",""
"06000000298",3612631,"CA","18090205","Indian Wells-Searles Valleys",""
"06000000298",3612631,"CA","18020122","East Branch North Fork Feather",""
"06000000298",3612631,"CA","18030007","Upper Kaweah",""
"06000000298",3612631,"CA","18030003","Middle Kern-Upper Tehachapi-Grapevine",""
"06000000297",3612630,"CA","15030104","Imperial Reservoir",""
"06000000297",3612630,"CA","18070201","Seal Beach",""
"06000000297",3612630,"CA","18050002","San Pablo Bay",""
"06000000297",3612630,"CA","18010103","Upper Eel",""
"06000000297",3612630,"CA","18090101","Mono Lake",""
"06000000297",3612630,"CA","18070305","Cottonwood-Tijuana",""
"06000000297",3612630,"CA","18090205","Indian Wells-Searles Valleys",""
"06000000297",3612630,"CA","18100201","Whitewater River",""
"06000000297",3612630,"CA","18010109","Gualala-Salmon",""
"06000000297",3612630,"CA","18010208","Scott",""
"06000000297",3612630,"CA","18010110","Russian",""
"06000000297",3612630,"CA","18070103","Calleguas",""
"06005357001",1175790,"CA","18020126","Upper Bear","Y"
"06000000119",3608134,"CA","18040002","Middle San Joaquin-Lower Merced- Lower Stanislaus","Y"
"06000000118",3608104,"CA","18070103","Calleguas","Y"
"06000000225",3610792,"CA","18040013","Upper Cosumnes","Y"
"06000000206",3609689,"CA","18050004","San Francisco Bay","Y"
"06000000229",3611186,"CA","18090208","Mojave","Y"
"06009046001",1176084,"CA","18070304","San Diego","Y"
"06004009004",1175480,"CA","18070106","San Gabriel","Y"
"06008015001",1175965,"CA","18070203","Santa Ana","Y"
"06007014001",1175922,"CA","18100204","Salton Sea","Y"
"06007029001",1175936,"CA","18100201","Whitewater River","Y"
"06029031001",402846,"CA","18070304","San Diego","Y"
"06005257001",1175740,"CA","18020159","Honcut Creek-Lower Feather River","Y"
"06000000305",3612766,"CA","18020121","North Fork Feather","Y"
"06000000260",3611384,"CA","18020126","Upper Bear",""
"06000000246",3611370,"CA","18020162","Putah Creek",""
"06008044001",1175998,"CA","18070201","Seal Beach","Y"
"06006008001",1175861,"CA","16050102","Truckee","Y"
"06008033001",1175988,"CA","18070204","Newport Bay","Y"
"06002018001",1175277,"CA","18050004","San Francisco Bay","Y"
"06008010005",3486593,"CA","18070203","Santa Ana","Y"
"06004009006",1175482,"CA","18070201","Seal Beach","Y"
"06005649001",1175839,"CA","18020111","Lower American","Y"
"06002008001",1175269,"CA","18050004","San Francisco Bay","Y"
"06002033001",1175290,"CA","18050002","San Pablo Bay","Y"
"06002158001",3484151,"CA","18050004","San Francisco Bay","Y"
"06002082001",1175340,"CA","18050001","Suisun Bay","Y"
"06009019001",1176050,"CA","18070301","Aliso-San Onofre","Y"
"06009009001",1176040,"CA","18070303","San Luis Rey-Escondido","Y"
"06008010008",410633,"CA","18070203","Santa Ana","Y"
"06009008001",1176039,"CA","18070304","San Diego","Y"
"06002052001",1175310,"CA","18050004","San Francisco Bay","Y"
"06005060004",1175582,"CA","18020116","Upper Cache","Y"
"06002038001",1175296,"CA","18050001","Suisun Bay","Y"
"06000000099",3607878,"CA","18040003","San Joaquin Delta","Y"
"06000000124",3608283,"CA","18070302","Santa Margarita","Y"
"06002024001",1175282,"CA","18050001","Suisun Bay","Y"
"06000000184",3609284,"CA","18070106","San Gabriel","Y"
"06000000163",3609024,"CA","18050004","San Francisco Bay","Y"
"06000000127",3608300,"CA","18070104","Santa Monica Bay","Y"
"06000000140",3608711,"CA","18030012","Tulare-Buena Vista Lakes","Y"
"06000000148",3608849,"CA","18050004","San Francisco Bay","Y"
"06004007001",1175462,"CA","18070103","Calleguas","Y"
"06000000096",3607867,"CA","18070106","San Gabriel","Y"
"06000000128",3608301,"CA","18050002","San Pablo Bay","Y"
"06000000112",3608022,"CA","18090206","Antelope-Fremont Valleys","Y"
"06000000159",3609003,"CA","18020161","Auburn Ravine-Coon Creek",""
"06000000159",3609003,"CA","15030107","Lower Colorado",""
"06000000159",3609003,"CA","18030009","Upper Dry",""
"06000000159",3609003,"CA","18030006","Upper Tule",""
"06000000159",3609003,"CA","18020155","Paynes Creek-Sacramento River",""
"06000000159",3609003,"CA","18060010","Santa Ynez",""
"06000000159",3609003,"CA","18010109","Gualala-Salmon",""
"06000000159",3609003,"CA","18030004","Upper Poso",""
"06000000159",3609003,"CA","18020123","Middle Fork Feather",""
"06000000159",3609003,"CA","16040203","Smoke Creek Desert",""
"06000000159",3609003,"CA","18100100","Southern Mojave",""
"06000000159",3609003,"CA","17100309","Applegate",""
"06000000159",3609003,"CA","18090203","Death Valley-Lower Amargosa",""
"06000000159",3609003,"CA","18010104","Middle Fork Eel",""
"06000000159",3609003,"CA","18080001","Surprise Valley",""
"06000000159",3609003,"CA","18070303","San Luis Rey-Escondido",""
"06000000159",3609003,"CA","18070107","San Pedro Channel Islands",""
"06000000159",3609003,"CA","18020153","Cottonwood Creek",""
"06000000159",3609003,"CA","18050004","San Francisco Bay",""
"06000000159",3609003,"CA","18050006","San Francisco Coastal South",""
"06000000159",3609003,"CA","18040009","Upper Tuolumne",""
"06000000146",3608836,"CA","18050004","San Francisco Bay","Y"
"06003049001",1175417,"CA","18060008","Santa Maria","Y"
"06000000134",3608500,"CA","18010110","Russian","Y"
"06000000166",3609120,"CA","18070304","San Diego","Y"
"06000000130",3608420,"CA","18050004","San Francisco Bay","Y"
"06005283001",3106372,"CA","18020162","Putah Creek","Y"
"06025053001",3154588,"CA","18030009","Upper Dry","Y"
"06008047001",1176001,"CA","18070203","Santa Ana","Y"
"06001082001",1175233,"CA","18010110","Russian","Y"
"06002057001",1175314,"CA","18050002","San Pablo Bay","Y"
"06004009008",1175484,"CA","18070102","Santa Clara","Y"
"06008004001",1175948,"CA","18070203","Santa Ana","Y"
"06005244001",1175730,"CA","18030007","Upper Kaweah","Y"
"06000000081",3607551,"CA","18100201","Whitewater River","Y"
"06000000075",3607083,"CA","18070301","Aliso-San Onofre","Y"
"06001008001",1175175,"CA","18010105","Lower Eel","Y"
"06008010009",410658,"CA","18070203","Santa Ana","Y"
"06009031004",1176069,"CA","18070305","Cottonwood-Tijuana","Y"
"06003058001",1175426,"CA","18060006","Central Coastal","Y"
"06000000247",3611371,"CA","16040203","Smoke Creek Desert","Y"
"06000000285",3611409,"CA","18070101","Ventura",""
"06000000239",3611363,"CA","18040001","Middle San Joaquin-Lower Chowchilal",""
"06000000239",3611363,"CA","18030012","Tulare-Buena Vista Lakes",""
"06000000239",3611363,"CA","18030010","Upper King",""
"06000000240",3611364,"CA","18010104","Middle Fork Eel",""
"06000000281",3611405,"CA","18020154","Battle Creek-Sacramento River",""
"06000000282",3611406,"CA","18010212","South Fork Trinity",""
"06000000269",3611393,"CA","18060003","Carrizo Plain",""
"06000000251",3611375,"CA","18040008","Upper Merced",""
"06000000259",3611383,"CA","18070201","Seal Beach",""
"06000000276",3611400,"CA","18010204","Lost",""
"06000000276",3611400,"CA","17100309","Applegate",""
"06005155001",1175673,"CA","18030003","Middle Kern-Upper Tehachapi-Grapevine","Y"
"06005022001",1175543,"CA","18030007","Upper Kaweah","Y"
"06000000243",3611367,"CA","18090203","Death Valley-Lower Amargosa",""
"06000000250",3611374,"CA","18050002","San Pablo Bay","Y"
"06000000265",3611389,"CA","15030104","Imperial Reservoir",""
"06000000265",3611389,"CA","18100201","Whitewater River",""
"06000000273",3611397,"CA","18060015","",""
"06000000273",3611397,"CA","18060002","Pajaro","Y"
"06000000291",3611608,"CA","18050003","Coyote","Y"
"06000000231",3611355,"CA","16050201","Upper Carson","Y"
"06000000286",3611410,"CA","18020161","Auburn Ravine-Coon Creek",""
"06000000261",3611385,"CA","18020123","Middle Fork Feather",""
"06000000278",3611402,"CA","18010109","Gualala-Salmon",""
"06000000278",3611402,"CA","18050005","Tomales-Drake Bays",""
"06000000241",3611365,"CA","18010105","Lower Eel",""
"06000000272",3611396,"CA","18050004","San Francisco Bay",""
"06000000277",3611401,"CA","18050002","San Pablo Bay",""
"06000000280",3611404,"CA","18020104","Sacramento-Stone Corral",""
"06000000236",3611360,"CA","18040003","San Joaquin Delta",""
"06000000236",3611360,"CA","18050002","San Pablo Bay",""
"06000000238",3611362,"CA","18040013","Upper Cosumnes",""
"06000000258",3611382,"CA","18020126","Upper Bear",""
"06000000299",3612632,"CA","18020156","Thomes Creek-Sacramento River",""
"06000000299",3612632,"CA","18020157","Big Chico Creek-Sacramento River",""
"06000000299",3612632,"CA","18050005","Tomales-Drake Bays",""
"06000000299",3612632,"CA","18070106","San Gabriel",""
"06000000299",3612632,"CA","18090101","Mono Lake",""
"06000000299",3612632,"CA","18040001","Middle San Joaquin-Lower Chowchilal",""
"06000000299",3612632,"CA","18010107","Mattole",""
"06000000299",3612632,"CA","18020162","Putah Creek",""
"06000000299",3612632,"CA","18070301","Aliso-San Onofre",""
"06000000299",3612632,"CA","18090102","Crowley Lake",""
"06000000299",3612632,"CA","16060010","Fish Lake-Soda Spring Valleys",""
"06000000299",3612632,"CA","18030005","Upper Deer-Upper White",""
"06000000299",3612632,"CA","18090103","Owens Lake",""
"06000000299",3612632,"CA","18070202","San Jacinto",""
"06000000299",3612632,"CA","18060005","Salinas",""
"06000000262",3611386,"CA","18070302","Santa Margarita",""
"06000000298",3612631,"CA","18010106","South Fork Eel",""
"06000000298",3612631,"CA","18020002","Upper Pit",""
"06000000298",3612631,"CA","18020125","Upper Yuba",""
"06000000298",3612631,"CA","18020004","McCloud",""
"06000000298",3612631,"CA","18090101","Mono Lake",""
"06000000298",3612631,"CA","18020111","Lower American",""
"06000000298",3612631,"CA","18020155","Paynes Creek-Sacramento River",""
"06000000298",3612631,"CA","18040001","Middle San Joaquin-Lower Chowchilal",""
"06000000298",3612631,"CA","18070104","Santa Monica Bay",""
"06000000298",3612631,"CA","16050101","Lake Tahoe",""
"06000000298",3612631,"CA","18070101","Ventura",""
"06000000298",3612631,"CA","18030005","Upper Deer-Upper White",""
"06000000298",3612631,"CA","18040008","Upper Merced",""
"06000000297",3612630,"CA","18030010","Upper King","Y"
"06000000297",3612630,"CA","18090203","Death Valley-Lower Amargosa",""
"06000000297",3612630,"CA","18010210","Salmon",""
"06000000297",3612630,"CA","18060006","Central Coastal",""
"06000000297",3612630,"CA","18020002","Upper Pit",""
"06000000297",3612630,"CA","18020163","Cache Slough-Sacramento River",""
"06000000297",3612630,"CA","18020156","Thomes Creek-Sacramento River",""
"06000000297",3612630,"CA","18070204","Newport Bay",""
"06000000297",3612630,"CA","18010205","Butte",""
"06000000297",3612630,"CA","18020157","Big Chico Creek-Sacramento River",""
"06000000297",3612630,"CA","18010105","Lower Eel",""
"06000000297",3612630,"CA","18060002","Pajaro",""
"06000000297",3612630,"CA","16060015","Ivanpah-Pahrump Valleys",""
"06000000297",3612630,"CA","17100312","Chetco",""
"06000000297",3612630,"CA","18060004","Estrella",""
"06000000297",3612630,"CA","18070203","Santa Ana",""
"06000000297",3612630,"CA","18060003","Carrizo Plain",""
"06000000297",3612630,"CA","18010204","Lost",""
"06000000297",3612630,"CA","18030005","Upper Deer-Upper White",""
"06000000297",3612630,"CA","18020154","Battle Creek-Sacramento River",""
"06000000297",3612630,"CA","18010102","Mad-Redwood",""
"06000000297",3612630,"CA","15030102","Piute Wash",""
"06003012001",1175381,"CA","18060015","",""
"06004010004",1175494,"CA","18070105","Los Angeles","Y"
"06008065001",1176011,"CA","18070106","San Gabriel","Y"
"06008023011",2944164,"CA","18070201","Seal Beach","Y"
"06008086001",3380875,"CA","18070203","Santa Ana","Y"
"06008011001",1175962,"CA","18070203","Santa Ana","Y"
"06004001001",1175456,"CA","18070105","Los Angeles","Y"
"06009026005",1176061,"CA","18070303","San Luis Rey-Escondido","Y"
"06004009007",1175483,"CA","18070102","Santa Clara","Y"
"06008068001",1176014,"CA","18070201","Seal Beach","Y"
"06005004001",1238814,"CA","18020163","Cache Slough-Sacramento River","Y"
"06002156001",1175366,"CA","18050002","San Pablo Bay","Y"
"06008006002",1175951,"CA","18070202","San Jacinto","Y"
"06005051001",1175570,"CA","18040001","Middle San Joaquin-Lower Chowchilal","Y"
"06009007001",1176038,"CA","18070304","San Diego","Y"
"06000000084",3607554,"CA","18100201","Whitewater River","Y"
"06002039001",1175297,"CA","18050004","San Francisco Bay","Y"
"06009035001",1176074,"CA","18070303","San Luis Rey-Escondido","Y"
"06008023002",2945322,"CA","18070203","Santa Ana","Y"
"06002026001",1175284,"CA","18050001","Suisun Bay","Y"
"06028009001",425890,"CA","18070203","Santa Ana","Y"
"06004014001",1175501,"CA","18070103","Calleguas","Y"
"06002032002",1175288,"CA","18050002","San Pablo Bay","Y"
"06008020003",3518636,"CA","18070203","Santa Ana","Y"
"06000000125",3608290,"CA","18070302","Santa Margarita","Y"
"06000000181",3609275,"CA","18090208","Mojave","Y"
"06006005001",1175858,"CA","18090208","Mojave","Y"
"06000000190",3609351,"CA","18060006","Central Coastal","Y"
"06000000246",3611370,"CA","18020116","Upper Cache","Y"
"06008002001",1175946,"CA","18070204","Newport Bay","Y"
"06007022001",1175930,"CA","18100204","Salton Sea","Y"
"06004009003",1175479,"CA","18070106","San Gabriel","Y"
"06000000230",3611330,"CA","18040003","San Joaquin Delta","Y"
"06000000283",3611407,"CA","18030007","Upper Kaweah","Y"
"06000000264",3611388,"CA","18060005","Salinas",""
"06005780001",1175851,"CA","18020002","Upper Pit","Y"
"06000000245",3611369,"CA","18030012","Tulare-Buena Vista Lakes","Y"
"06000000244",3611368,"CA","18030001","Upper Kern",""
"06000000267",3611391,"CA","18050006","San Francisco Coastal South",""
"06000000279",3611403,"CA","18040001","Middle San Joaquin-Lower Chowchilal",""
"06000000279",3611403,"CA","18040051","Rock Creek-French Camp Slough",""
"06007003001",1175910,"CA","18100201","Whitewater River","Y"
"06000000087",3607695,"CA","18050002","San Pablo Bay","Y"
"06000000120",3608161,"CA","18070304","San Diego","Y"
"06000000158",3608996,"CA","18060002","Pajaro","Y"
"06006007001",1175860,"CA","16050101","Lake Tahoe","Y"
"06000000159",3609003,"CA","18060006","Central Coastal",""
"06000000159",3609003,"CA","18020004","McCloud",""
"06000000159",3609003,"CA","16050102","Truckee",""
"06000000159",3609003,"CA","16050201","Upper Carson",""
"06000000159",3609003,"CA","16050301","East Walker",""
"06000000159",3609003,"CA","18050005","Tomales-Drake Bays",""
"06000000159",3609003,"CA","18020122","East Branch North Fork Feather",""
"06000000159",3609003,"CA","18070105","Los Angeles",""
"06000000159",3609003,"CA","18090101","Mono Lake",""
"06000000159",3609003,"CA","18040008","Upper Merced",""
"06000000159",3609003,"CA","18030012","Tulare-Buena Vista Lakes","Y"
"06000000159",3609003,"CA","18010209","Lower Klamath",""
"06000000198",3609566,"CA","18050004","San Francisco Bay","Y"
"06000000143",3608762,"CA","18090208","Mojave","Y"
"06000000129",3608381,"CA","18020163","Cache Slough-Sacramento River","Y"
"06002046001",1175306,"CA","18050004","San Francisco Bay","Y"
"06000000197",3609544,"CA","18050003","Coyote","Y"
"06000000094",3607861,"CA","18050004","San Francisco Bay","Y"
"06000000103",3607909,"CA","18070304","San Diego","Y"
"06008045001",1175999,"CA","18070106","San Gabriel","Y"
"06000000162",3609020,"CA","18070106","San Gabriel","Y"
"06000000220",3610610,"CA","18060006","Central Coastal","Y"
"06009043001",1176082,"CA","18070303","San Luis Rey-Escondido","Y"
"06001030001",1175198,"CA","18010110","Russian","Y"
"06022054001",3489911,"CA","18050002","San Pablo Bay","Y"
"06001026001",1175194,"CA","18010209","Lower Klamath","Y"
"06002053001",1175311,"CA","18050002","San Pablo Bay","Y"
"06008012001",1175963,"CA","18100201","Whitewater River","Y"
"06000000228",3611072,"CA","18030012","Tulare-Buena Vista Lakes","Y"
"06000000285",3611409,"CA","18060007","Cuyama",""
"06000000285",3611409,"CA","18070103","Calleguas",""
"06000000239",3611363,"CA","18040006","Upper San Joaquin",""
"06000000263",3611387,"CA","18040012","Upper Mokelumne",""
"06000000281",3611405,"CA","18020155","Paynes Creek-Sacramento River",""
"06000000282",3611406,"CA","18010102","Mad-Redwood",""
"06003053001",1175421,"CA","18060013","Santa Barbara Coastal","Y"
"06000000249",3611373,"CA","18040008","Upper Merced",""
"06000000255",3611379,"CA","16050302","West Walker",""
"06000000276",3611400,"CA","18010209","Lower Klamath",""
"06006011001",1175864,"CA","18090101","Mono Lake","Y"
"06000000293",3612211,"CA","18040003","San Joaquin Delta","Y"
"06000000243",3611367,"CA","18090201","Eureka-Saline Valleys",""
"06000000250",3611374,"CA","18050005","Tomales-Drake Bays",""
"06000000265",3611389,"CA","18100100","Southern Mojave",""
"06000000271",3611395,"CA","18060010","Santa Ynez",""
"06000000271",3611395,"CA","18060009","San Antonio",""
"06000000275",3611399,"CA","18020123","Middle Fork Feather",""
"06005360001",1238827,"CA","18030007","Upper Kaweah","Y"
"06000000298",3612631,"CA","18020157","Big Chico Creek-Sacramento River",""
"06000000298",3612631,"CA","18050005","Tomales-Drake Bays",""
"06000000298",3612631,"CA","18070106","San Gabriel",""
"06000000298",3612631,"CA","18050003","Coyote",""
"06000000298",3612631,"CA","18020005","Sacramento Headwaters",""
"06000000298",3612631,"CA","18020128","North Fork American",""
"06000000298",3612631,"CA","18040010","Upper Stanislaus",""
"06000000298",3612631,"CA","18020116","Upper Cache",""
"06000000298",3612631,"CA","16060015","Ivanpah-Pahrump Valleys",""
"06000000298",3612631,"CA","17100312","Chetco",""
"06000000298",3612631,"CA","18070102","Santa Clara",""
"06000000298",3612631,"CA","18070301","Aliso-San Onofre",""
"06000000298",3612631,"CA","16040203","Smoke Creek Desert",""
"06000000298",3612631,"CA","18030012","Tulare-Buena Vista Lakes",""
"06000000298",3612631,"CA","18090103","Owens Lake",""
"06000000298",3612631,"CA","18030006","Upper Tule",""
"06000000297",3612630,"CA","18040006","Upper San Joaquin",""
"06000000297",3612630,"CA","18040011","Upper Calaveras",""
"06000000297",3612630,"CA","18010106","South Fork Eel",""
"06000000297",3612630,"CA","18020121","North Fork Feather",""
"06000000297",3612630,"CA","18030009","Upper Dry",""
"06000000297",3612630,"CA","18100100","Southern Mojave",""
"06000000297",3612630,"CA","18030007","Upper Kaweah",""
"06000000297",3612630,"CA","18060009","San Antonio",""
"06000000297",3612630,"CA","16060010","Fish Lake-Soda Spring Valleys",""
"06000000297",3612630,"CA","16050102","Truckee",""
"06000000297",3612630,"CA","18020151","Clear Creek-Sacramento River",""
"06000000297",3612630,"CA","18020158","Butte Creek",""
"06000000314",3613153,"CA","18040002","Middle San Joaquin-Lower Merced- Lower Stanislaus","Y"
"06021010005",2902596,"CA","18010102","Mad-Redwood","Y"
"06005551001",1175825,"CA","18020129","South Fork American","Y"
"06003027001",1175394,"CA","18060005","Salinas","Y"
"06029046001",415588,"CA","18070304","San Diego","Y"
"06008010004",3486590,"CA","18070203","Santa Ana","Y"
"06004009002",1175478,"CA","18070203","Santa Ana","Y"
"06006004001",1175857,"CA","16050101","Lake Tahoe","Y"
"06012001032",2856163,"CA","18050002","San Pablo Bay","Y"
"06000000233",3611357,"CA","18020123","Middle Fork Feather",""
"06000000241",3611365,"CA","18010211","Trinity",""
"06000000241",3611365,"CA","18010212","South Fork Trinity",""
"06000000252",3611376,"CA","18010105","Lower Eel",""
"06000000252",3611376,"CA","18010108","Big-Navarro-Garcia",""
"06000000270",3611394,"CA","18050003","Coyote",""
"06000000242",3611366,"CA","18100204","Salton Sea","Y"
"06000000266",3611390,"CA","18070304","San Diego","Y"
"06000000266",3611390,"CA","18070301","Aliso-San Onofre",""
"06000000266",3611390,"CA","18100202","Carrizo Creek",""
"06002113001",1175351,"CA","18050003","Coyote","Y"
"06000000299",3612632,"CA","18060014","Santa Barbara Channel Islands",""
"06000000299",3612632,"CA","18010108","Big-Navarro-Garcia",""
"06000000299",3612632,"CA","18040002","Middle San Joaquin-Lower Merced- Lower Stanislaus",""
"06000000299",3612632,"CA","18100203","San Felipe Creek",""
"06000000299",3612632,"CA","18080003","Honey-Eagle Lakes",""
"06000000299",3612632,"CA","18080002","Madeline Plains",""
"06000000299",3612632,"CA","18030009","Upper Dry",""
"06000000299",3612632,"CA","18020125","Upper Yuba",""
"06000000299",3612632,"CA","18090201","Eureka-Saline Valleys",""
"06000000299",3612632,"CA","17100309","Applegate",""
"06000000299",3612632,"CA","18060001","San Lorenzo-Soquel",""
"06000000299",3612632,"CA","18070302","Santa Margarita",""
"06000000299",3612632,"CA","18020122","East Branch North Fork Feather",""
"06000000299",3612632,"CA","18020154","Battle Creek-Sacramento River",""
"06000000299",3612632,"CA","18030012","Tulare-Buena Vista Lakes",""
"06000000299",3612632,"CA","18030003","Middle Kern-Upper Tehachapi-Grapevine",""
"06000000299",3612632,"CA","18020001","Goose Lake",""
"06000000299",3612632,"CA","18030006","Upper Tule",""
"06001040001",1175205,"CA","18010104","Middle Fork Eel","Y"
"06000000307",3612790,"CA","18070203","Santa Ana","Y"
"06000000262",3611386,"CA","18070203","Santa Ana","Y"
"06000000262",3611386,"CA","18100100","Southern Mojave",""
"06000000268",3611392,"CA","18040003","San Joaquin Delta","Y"
"06000000175",3609168,"CA","18030006","Upper Tule","Y"
"06000000178",3609216,"CA","18070304","San Diego","Y"
"06000000126",3608299,"CA","18070106","San Gabriel","Y"
"06000000098",3607877,"CA","18040003","San Joaquin Delta","Y"
"06000000168",3609128,"CA","18070105","Los Angeles","Y"
"06000000161",3609019,"CA","18070106","San Gabriel","Y"
"06000000227",3610913,"CA","18070204","Newport Bay","Y"
"06000000214",3610513,"CA","18040002","Middle San Joaquin-Lower Merced- Lower Stanislaus","Y"
"06007002001",1175909,"CA","18100204","Salton Sea","Y"
"06002108001",1175347,"CA","18050002","San Pablo Bay","Y"
"06005098002",3479031,"CA","18020154","Battle Creek-Sacramento River","Y"
"06005000002",3514618,"CA","18020111","Lower American","Y"
"06005026001",1175548,"CA","18040001","Middle San Joaquin-Lower Chowchilal","Y"
"06005105001",1175637,"CA","18040003","San Joaquin Delta","Y"
"06005107001",1175639,"CA","18040002","Middle San Joaquin-Lower Merced- Lower Stanislaus","Y"
"06002092001",1175344,"CA","18050005","Tomales-Drake Bays","Y"
"06004009005",1175481,"CA","18070106","San Gabriel","Y"
"06002043001",1175301,"CA","18050004","San Francisco Bay","Y"
"06009075001",1176094,"CA","18070301","Aliso-San Onofre","Y"
"06005184001",1175693,"CA","18020163","Cache Slough-Sacramento River","Y"
"06008041002",1175996,"CA","18070202","San Jacinto","Y"
"06008020001",1175973,"CA","18070203","Santa Ana","Y"
"06009040001",1176078,"CA","18070303","San Luis Rey-Escondido","Y"
"06002011001",1175272,"CA","18050004","San Francisco Bay","Y"
"06008021001",1175975,"CA","18070203","Santa Ana","Y"
"06005234001",1238821,"CA","18020161","Auburn Ravine-Coon Creek","Y"
"06006041001",1175894,"CA","18090206","Antelope-Fremont Valleys","Y"
"06000000142",3608724,"CA","18070301","Aliso-San Onofre","Y"
"06008010003",1175961,"CA","18070203","Santa Ana","Y"
"06000000188",3609335,"CA","18050001","Suisun Bay","Y"
"06000000156",3608954,"CA","18070105","Los Angeles","Y"
"06000000179",3609238,"CA","18050001","Suisun Bay","Y"
"06000000194",3609471,"CA","18070304","San Diego","Y"
"06000000195",3609479,"CA","18070102","Santa Clara","Y"
"06000000157",3608995,"CA","18060002","Pajaro","Y"
"06000000141",3608717,"CA","18040001","Middle San Joaquin-Lower Chowchilal","Y"
"06000000147",3608839,"CA","18050004","San Francisco Bay","Y"
"06000000173",3609157,"CA","18070105","Los Angeles","Y"
"06000000159",3609003,"CA","18060011","Alisal-Elkhorn Sloughs",""
"06000000159",3609003,"CA","18040003","San Joaquin Delta",""
"06000000159",3609003,"CA","18020116","Upper Cache",""
"06000000159",3609003,"CA","18020154","Battle Creek-Sacramento River",""
"06000000159",3609003,"CA","18010107","Mattole",""
"06000000159",3609003,"CA","18020121","North Fork Feather",""
"06000000159",3609003,"CA","18100203","San Felipe Creek",""
"06000000159",3609003,"CA","18010210","Salmon",""
"06000000159",3609003,"CA","18060009","San Antonio",""
"06000000159",3609003,"CA","18030002","South Fork Kern",""
"06000000159",3609003,"CA","16060015","Ivanpah-Pahrump Valleys",""
"06000000159",3609003,"CA","18040010","Upper Stanislaus",""
"06000000159",3609003,"CA","15030104","Imperial Reservoir",""
"06000000159",3609003,"CA","15030102","Piute Wash",""
"06000000159",3609003,"CA","18040007","Upper Chowchilla-Upper Fresno",""
"06000000159",3609003,"CA","18040013","Upper Cosumnes",""
"06000000159",3609003,"CA","18090205","Indian Wells-Searles Valleys",""
"06000000159",3609003,"CA","18010204","Lost",""
"06000000159",3609003,"CA","18040001","Middle San Joaquin-Lower Chowchilal",""
"06000000159",3609003,"CA","18050001","Suisun Bay",""
"06000000159",3609003,"CA","18040006","Upper San Joaquin",""
"06000000159",3609003,"CA","18070101","Ventura",""
"06002022001",1175280,"CA","18050001","Suisun Bay","Y"
"06000000192",3609417,"CA","18050004","San Francisco Bay","Y"
"06009005001",1176036,"CA","18070304","San Diego","Y"
"06003040001",1175407,"CA","18060008","Santa Maria","Y"
"06000000205",3609670,"CA","18050004","San Francisco Bay","Y"
"06005064001",1175585,"CA","18040001","Middle San Joaquin-Lower Chowchilal","Y"
"06000000288",3611429,"CA","18060013","Santa Barbara Coastal","Y"
"06000000239",3611363,"CA","18030009","Upper Dry","Y"
"06000000281",3611405,"CA","18020115","Upper Stony",""
"06000000282",3611406,"CA","18010104","Middle Fork Eel",""
"06000000269",3611393,"CA","18060005","Salinas",""
"06005109001",1175641,"CA","18040009","Upper Tuolumne","Y"
"06000000290",3611459,"CA","18040001","Middle San Joaquin-Lower Chowchilal","Y"
"06000000249",3611373,"CA","18040001","Middle San Joaquin-Lower Chowchilal","Y"
"06000000255",3611379,"CA","16050301","East Walker",""
"06000000276",3611400,"CA","18020003","Lower Pit",""
"06000000243",3611367,"CA","18090205","Indian Wells-Searles Valleys",""
"06000000248",3611372,"CA","18070106","San Gabriel",""
"06000000265",3611389,"CA","15030102","Piute Wash",""
"06000000273",3611397,"CA","18050006","San Francisco Coastal South",""
"06000000275",3611399,"CA","18020125","Upper Yuba","Y"
"06000000283",3611407,"CA","18030001","Upper Kern",""
"06000000264",3611388,"CA","18040014","Panoche-San Luis Reservoir",""
"06000000287",3611411,"CA","18020125","Upper Yuba",""
"06000000244",3611368,"CA","18030005","Upper Deer-Upper White",""
"06000000244",3611368,"CA","18030012","Tulare-Buena Vista Lakes","N"
"06000000279",3611403,"CA","18040010","Upper Stanislaus",""
"06000000233",3611357,"CA","18020157","Big Chico Creek-Sacramento River",""
"06005066001",1175587,"CA","18040001","Middle San Joaquin-Lower Chowchilal","Y"
"06000000252",3611376,"CA","18010109","Gualala-Salmon",""
"06000000252",3611376,"CA","18010106","South Fork Eel",""
"06000000256",3611380,"CA","18060006","Central Coastal",""
"06000000257",3611381,"CA","18050002","San Pablo Bay","Y"
"06000000277",3611401,"CA","18020163","Cache Slough-Sacramento River",""
"06000000242",3611366,"CA","18100202","Carrizo Creek",""
"06000000242",3611366,"CA","15030104","Imperial Reservoir",""
"06000000299",3612632,"CA","18010106","South Fork Eel",""
"06000000299",3612632,"CA","18010206","Upper Klamath",""
"06000000299",3612632,"CA","18080001","Surprise Valley",""
"06000000299",3612632,"CA","18070201","Seal Beach",""
"06000000299",3612632,"CA","18020128","North Fork American",""
"06000000299",3612632,"CA","18010104","Middle Fork Eel",""
"06000000299",3612632,"CA","17100312","Chetco",""
"06000000299",3612632,"CA","18020155","Paynes Creek-Sacramento River",""
"06000000299",3612632,"CA","18020104","Sacramento-Stone Corral",""
"06000000299",3612632,"CA","18090204","Panamint Valley",""
"06000000299",3612632,"CA","18060004","Estrella",""
"06000000299",3612632,"CA","18090206","Antelope-Fremont Valleys",""
"06000000299",3612632,"CA","18100100","Southern Mojave",""
"06000000299",3612632,"CA","18010207","Shasta",""
"06000000299",3612632,"CA","18070104","Santa Monica Bay",""
"06000000299",3612632,"CA","18060007","Cuyama",""
"06000000299",3612632,"CA","18100204","Salton Sea",""
"06000000299",3612632,"CA","15030107","Lower Colorado",""
"06000000299",3612632,"CA","18100202","Carrizo Creek",""
"06000000299",3612632,"CA","16040203","Smoke Creek Desert",""
"06000000299",3612632,"CA","18040007","Upper Chowchilla-Upper Fresno",""
"06000000299",3612632,"CA","18040009","Upper Tuolumne",""
"06000000299",3612632,"CA","18010211","Trinity",""
"06000000299",3612632,"CA","16050201","Upper Carson",""
"06000000299",3612632,"CA","18030002","South Fork Kern",""
"06000000296",3612541,"CA","18010209","Lower Klamath","Y"
"06000000298",3612631,"CA","18040011","Upper Calaveras",""
"06000000298",3612631,"CA","18020163","Cache Slough-Sacramento River",""
"06000000298",3612631,"CA","15030104","Imperial Reservoir",""
"06000000298",3612631,"CA","18070201","Seal Beach",""
"06000000298",3612631,"CA","18090207","Coyote-Cuddeback Lakes",""
"06000000298",3612631,"CA","18070305","Cottonwood-Tijuana",""
"06000000298",3612631,"CA","18020104","Sacramento-Stone Corral",""
"06000000298",3612631,"CA","18070302","Santa Margarita",""
"06000000298",3612631,"CA","15030107","Lower Colorado",""
"06000000298",3612631,"CA","18100202","Carrizo Creek",""
"06000000298",3612631,"CA","18010204","Lost",""
"06000000298",3612631,"CA","18020123","Middle Fork Feather",""
"06000000298",3612631,"CA","18010209","Lower Klamath",""
"06000000298",3612631,"CA","15030101","Havasu-Mohave Lakes",""
"06000000298",3612631,"CA","16060010","Fish Lake-Soda Spring Valleys",""
"06000000298",3612631,"CA","18020154","Battle Creek-Sacramento River",""
"06000000298",3612631,"CA","17100311","Illinois",""
"06000000298",3612631,"CA","18010208","Scott",""
"06000000298",3612631,"CA","18010110","Russian",""
"06000000298",3612631,"CA","18060005","Salinas",""
"06000000298",3612631,"CA","18070303","San Luis Rey-Escondido",""
"06000000295",3612367,"CA","18020159","Honcut Creek-Lower Feather River","Y"
"06000000297",3612630,"CA","18010206","Upper Klamath",""
"06000000297",3612630,"CA","18020115","Upper Stony",""
"06000000297",3612630,"CA","18080003","Honey-Eagle Lakes",""
"06000000297",3612630,"CA","18050005","Tomales-Drake Bays",""
"06000000297",3612630,"CA","18070106","San Gabriel",""
"06000000297",3612630,"CA","18020004","McCloud",""
"06000000297",3612630,"CA","18040010","Upper Stanislaus",""
"06000000297",3612630,"CA","18020116","Upper Cache",""
"06000000297",3612630,"CA","18040012","Upper Mokelumne",""
"06000000297",3612630,"CA","17100309","Applegate",""
"06000000297",3612630,"CA","18030001","Upper Kern",""
"06000000297",3612630,"CA","18040013","Upper Cosumnes",""
"06000000297",3612630,"CA","18060007","Cuyama",""
"06000000297",3612630,"CA","18070107","San Pedro Channel Islands",""
"06000000297",3612630,"CA","18020122","East Branch North Fork Feather",""
"06000000297",3612630,"CA","18100202","Carrizo Creek",""
"06000000297",3612630,"CA","18020123","Middle Fork Feather",""
"06000000297",3612630,"CA","18090102","Crowley Lake",""
"06000000297",3612630,"CA","18040009","Upper Tuolumne",""
"06000000297",3612630,"CA","18070303","San Luis Rey-Escondido",""
"06000000297",3612630,"CA","18020152","Cow Creek",""
"06000000297",3612630,"CA","18040051","Rock Creek-French Camp Slough",""
"06000000309",3612938,"CA","16050201","Upper Carson","Y"
"06003020001",1175387,"CA","18060002","Pajaro","Y"
"06008029001",1175985,"CA","18070203","Santa Ana","Y"
"06006012001",1175865,"CA","18090101","Mono Lake","Y"
"06005056001",1175575,"CA","18030012","Tulare-Buena Vista Lakes","Y"
"06000000223",3610714,"CA","18070106","San Gabriel","Y"
"06000000210",3610259,"CA","18040012","Upper Mokelumne","Y"
"06000000299",3612632,"CA","18040014","Panoche-San Luis Reservoir",""
"06000000299",3612632,"CA","18070305","Cottonwood-Tijuana",""
"06000000299",3612632,"CA","18020153","Cottonwood Creek",""
"06000000299",3612632,"CA","18090208","Mojave",""
"06000000299",3612632,"CA","18020003","Lower Pit",""
"06000000299",3612632,"CA","18060012","Carmel",""
"06000000299",3612632,"CA","18010209","Lower Klamath",""
"06000000299",3612632,"CA","18060011","Alisal-Elkhorn Sloughs",""
"06000000299",3612632,"CA","18060009","San Antonio",""
"06000000299",3612632,"CA","18010110","Russian",""
"06000000299",3612632,"CA","18040051","Rock Creek-French Camp Slough",""
"06000000300",3612651,"CA","18020162","Putah Creek","Y"
"06002079001",3480210,"CA","18050006","San Francisco Coastal South","Y"
"06000000297",3612630,"CA","16040204","Massacre Lake",""
"06000000297",3612630,"CA","18080002","Madeline Plains",""
"06000000297",3612630,"CA","18020005","Sacramento Headwaters",""
"06000000297",3612630,"CA","18020128","North Fork American",""
"06000000297",3612630,"CA","18090202","Upper Amargosa",""
"06000000297",3612630,"CA","18040003","San Joaquin Delta",""
"06000000297",3612630,"CA","18090207","Coyote-Cuddeback Lakes",""
"06000000297",3612630,"CA","18010212","South Fork Trinity",""
"06000000297",3612630,"CA","18070105","Los Angeles",""
"06000000297",3612630,"CA","18070102","Santa Clara",""
"06000000297",3612630,"CA","18090208","Mojave",""
"06000000297",3612630,"CA","18070104","Santa Monica Bay",""
"06000000297",3612630,"CA","18050001","Suisun Bay",""
"06000000297",3612630,"CA","18070304","San Diego",""
"06000000297",3612630,"CA","18070302","Santa Margarita",""
"06000000297",3612630,"CA","18060011","Alisal-Elkhorn Sloughs",""
"06000000297",3612630,"CA","18040008","Upper Merced",""
"06000000297",3612630,"CA","16050301","East Walker",""
"06000000297",3612630,"CA","17120007","Warner Lakes",""
"06001001001",1175167,"CA","18010204","Lost","Y"
"06000000294",3612365,"CA","18020003","Lower Pit","Y"
"06000000254",3611378,"CA","18020002","Upper Pit","Y"
"06000000247",3611371,"CA","18080002","Madeline Plains",""
"06000000268",3611392,"CA","18040051","Rock Creek-French Camp Slough",""
"06000000298",3612631,"CA","18060014","Santa Barbara Channel Islands",""
"06000000298",3612631,"CA","18020129","South Fork American",""
"06000000298",3612631,"CA","18020156","Thomes Creek-Sacramento River",""
"06000000298",3612631,"CA","18010205","Butte",""
"06000000298",3612631,"CA","18050002","San Pablo Bay",""
"06000000298",3612631,"CA","18020161","Auburn Ravine-Coon Creek",""
"06000000298",3612631,"CA","18010104","Middle Fork Eel",""
"06000000298",3612631,"CA","18070105","Los Angeles",""
"06000000298",3612631,"CA","18060004","Estrella",""
"06000000298",3612631,"CA","17100309","Applegate",""
"06000000298",3612631,"CA","18090208","Mojave",""
"06000000298",3612631,"CA","18060003","Carrizo Plain",""
"06000000298",3612631,"CA","18060011","Alisal-Elkhorn Sloughs",""
"06000000298",3612631,"CA","18040007","Upper Chowchilla-Upper Fresno",""
"06000000298",3612631,"CA","18040009","Upper Tuolumne",""
"06000000298",3612631,"CA","18010211","Trinity",""
"06000000298",3612631,"CA","18070202","San Jacinto",""
"06000000298",3612631,"CA","16050301","East Walker",""
"06000000298",3612631,"CA","18020158","Butte Creek",""
"06000000298",3612631,"CA","18040051","Rock Creek-French Camp Slough",""
"06000000260",3611384,"CA","18020128","North Fork American",""
"06000000254",3611378,"CA","18010204","Lost",""
"06000000254",3611378,"CA","18020003","Lower Pit",""
"06003044001",1175412,"CA","18060002","Pajaro","Y"
"06005233001",1175721,"CA","18020128","North Fork American","Y"
"06000203200",3509698,"CA","18050004","San Francisco Bay","Y"
"06000000274",3611398,"CA","18020005","Sacramento Headwaters",""
"06000000263",3611387,"CA","18020111","Lower American","Y"
"06000000284",3611408,"CA","18040009","Upper Tuolumne","Y"
"06000000269",3611393,"CA","18060006","Central Coastal","Y"
"06000000269",3611393,"CA","18060007","Cuyama",""
"06000000269",3611393,"CA","18060004","Estrella",""
"06006021001",1175876,"CA","18090208","Mojave","Y"
"06000000249",3611373,"CA","18040006","Upper San Joaquin",""
"06000000249",3611373,"CA","18040007","Upper Chowchilla-Upper Fresno",""
"06000000247",3611371,"CA","18020003","Lower Pit",""
"06000000247",3611371,"CA","18080003","Honey-Eagle Lakes",""
"06004010003",1175493,"CA","18070105","Los Angeles","Y"
"06005197001",1175701,"CA","18040001","Middle San Joaquin-Lower Chowchilal","Y"
"06004010001",1175491,"CA","18070106","San Gabriel","Y"
"06022008001",2865324,"CA","18050003","Coyote","Y"
"06000000248",3611372,"CA","18070102","Santa Clara",""
"06000000265",3611389,"CA","18090208","Mojave",""
"06000000271",3611395,"CA","18060007","Cuyama",""
"06000000271",3611395,"CA","18060008","Santa Maria",""
"06005200001",1175704,"CA","18020125","Upper Yuba","Y"
"06002063002",1175323,"CA","18050002","San Pablo Bay","Y"
"06000000286",3611410,"CA","18020104","Sacramento-Stone Corral",""
"06000000261",3611385,"CA","18020122","East Branch North Fork Feather","Y"
"06000000261",3611385,"CA","18020121","North Fork Feather",""
"06002041001",1175299,"CA","18050003","Coyote","Y"
"06022175001",3225490,"CA","18050004","San Francisco Bay","Y"
"06004010005",1175495,"CA","18070105","Los Angeles","Y"
"06003018001",1175385,"CA","18060011","Alisal-Elkhorn Sloughs","Y"
"06008072001",1176018,"CA","18070203","Santa Ana","Y"
"06005053001",1175571,"CA","18030009","Upper Dry","Y"
"06002023001",1175281,"CA","18040003","San Joaquin Delta","Y"
"06008007001",1175956,"CA","18070203","Santa Ana","Y"
"06009077001",1176096,"CA","18070301","Aliso-San Onofre","Y"
"06001045001",1175209,"CA","18010110","Russian","Y"
"06005205001",1175708,"CA","18020163","Cache Slough-Sacramento River","Y"
"06008058001",1176007,"CA","18070201","Seal Beach","Y"
"06006009001",1175862,"CA","18090208","Mojave","Y"
"06005123001",1175654,"CA","18030012","Tulare-Buena Vista Lakes","Y"
"06000000245",3611369,"CA","18030007","Upper Kaweah",""
"06000000244",3611368,"CA","18030003","Middle Kern-Upper Tehachapi-Grapevine","Y"
"06000000244",3611368,"CA","18030002","South Fork Kern",""
"06000000244",3611368,"CA","18090206","Antelope-Fremont Valleys",""
"06000000267",3611391,"CA","18050004","San Francisco Bay","Y"
"06000000279",3611403,"CA","18040009","Upper Tuolumne",""
"06002063001",1175322,"CA","18050002","San Pablo Bay","Y"
"06000000234",3611358,"CA","18040010","Upper Stanislaus","Y"
"06000000234",3611358,"CA","18040051","Rock Creek-French Camp Slough",""
"06000000235",3611359,"CA","18020115","Upper Stony",""
"06000000235",3611359,"CA","18020158","Butte Creek",""
"06002090001",3521216,"CA","18040003","San Joaquin Delta","Y"
"06000000232",3611356,"CA","18040012","Upper Mokelumne","Y"
"06000000232",3611356,"CA","18040013","Upper Cosumnes",""
"06000000232",3611356,"CA","18020129","South Fork American",""
"06000000241",3611365,"CA","18010107","Mattole",""
"06000000242",3611366,"CA","18100100","Southern Mojave",""
"06000000299",3612632,"CA","18020005","Sacramento Headwaters",""
"06000000299",3612632,"CA","18010103","Upper Eel",""
"06000000299",3612632,"CA","18070102","Santa Clara",""
"06000000299",3612632,"CA","18090205","Indian Wells-Searles Valleys",""
"06000000299",3612632,"CA","18060003","Carrizo Plain",""
"06000000299",3612632,"CA","16050101","Lake Tahoe",""
"06000000299",3612632,"CA","18010109","Gualala-Salmon",""
"06000000299",3612632,"CA","18010208","Scott",""
"06000000299",3612632,"CA","18070103","Calleguas",""
"06000000299",3612632,"CA","17120007","Warner Lakes",""
"06000000299",3612632,"CA","16050302","West Walker",""
"06022018001",2838060,"CA","18050003","Coyote","Y"
"06022039001",3347694,"CA","18050004","San Francisco Bay","Y"
"06003012001",1175381,"CA","18060005","Salinas","Y"
"06008016001",1175967,"CA","18070203","Santa Ana","Y"
"06022041002",470876,"CA","18050003","Coyote","Y"
"06003060001",1175427,"CA","18060002","Pajaro","Y"
"06008067001",1176013,"CA","18070106","San Gabriel","Y"
"06022032001",3217908,"CA","18050002","San Pablo Bay","Y"
"06009076001",1176095,"CA","18070204","Newport Bay","Y"
"06001006001",1175172,"CA","18010102","Mad-Redwood","Y"
"06008073001",1176019,"CA","18070106","San Gabriel","Y"
"06007021001",1175929,"CA","18100201","Whitewater River","Y"
"06003014001",1175382,"CA","18060006","Central Coastal","Y"
"06005249001",1175733,"CA","18040013","Upper Cosumnes","Y"
"06002091001",1175343,"CA","18050004","San Francisco Bay","Y"
"06000000302",3612659,"CA","18020153","Cottonwood Creek","Y"
"06000000308",3612879,"CA","18070105","Los Angeles","Y"
"06002069001",1175329,"CA","18050002","San Pablo Bay","Y"
"06009018001",1176049,"CA","18070304","San Diego","Y"
"06002118001",1175353,"CA","18050002","San Pablo Bay","Y"
"06004006001",1175461,"CA","18070102","Santa Clara","Y"
"06004027001",1175513,"CA","18070103","Calleguas","Y"
"06008100001",1176031,"CA","18070301","Aliso-San Onofre","Y"
"06003010001",1175379,"CA","18060015","",""
"06003069001",1175437,"CA","18060006","Central Coastal","Y"
"06004009010",1175486,"CA","18090206","Antelope-Fremont Valleys","Y"
"06005019002",3478130,"CA","18040003","San Joaquin Delta","Y"
"06007025001",1175933,"CA","18100201","Whitewater River","Y"
"06000000298",3612631,"CA","18030010","Upper King","Y"
"06000000298",3612631,"CA","18090203","Death Valley-Lower Amargosa",""
"06000000298",3612631,"CA","18060006","Central Coastal",""
"06000000298",3612631,"CA","18020159","Honcut Creek-Lower Feather River",""
"06000000298",3612631,"CA","18010212","South Fork Trinity",""
"06000000298",3612631,"CA","18020153","Cottonwood Creek",""
"06000000298",3612631,"CA","18090206","Antelope-Fremont Valleys",""
"06000000298",3612631,"CA","18060001","San Lorenzo-Soquel",""
"06000000298",3612631,"CA","18050001","Suisun Bay",""
"06000000298",3612631,"CA","18070107","San Pedro Channel Islands",""
"06000000298",3612631,"CA","18100204","Salton Sea",""
"06000000298",3612631,"CA","18030004","Upper Poso",""
"06000000298",3612631,"CA","18070304","San Diego",""
"06000000298",3612631,"CA","18060013","Santa Barbara Coastal",""
"06000000298",3612631,"CA","16050201","Upper Carson",""
"06000000298",3612631,"CA","18010102","Mad-Redwood",""
"06000000298",3612631,"CA","18010101","Smith",""
"06000000297",3612630,"CA","18020129","South Fork American",""
"06000000297",3612630,"CA","18020159","Honcut Creek-Lower Feather River",""
"06000000297",3612630,"CA","18100203","San Felipe Creek",""
"06000000297",3612630,"CA","18010104","Middle Fork Eel",""
"06000000297",3612630,"CA","18090204","Panamint Valley",""
"06000000297",3612630,"CA","18020162","Putah Creek",""
"06000000297",3612630,"CA","18070101","Ventura",""
"06000000297",3612630,"CA","15030101","Havasu-Mohave Lakes",""
"06000000297",3612630,"CA","18060013","Santa Barbara Coastal",""
"06000000297",3612630,"CA","16040203","Smoke Creek Desert",""
"06000000297",3612630,"CA","16050201","Upper Carson",""
"06000000297",3612630,"CA","18010101","Smith",""
"06000000297",3612630,"CA","18060005","Salinas",""
"06005009001",1175529,"CA","18020163","Cache Slough-Sacramento River","Y"
"06005010001",1175530,"CA","18030003","Middle Kern-Upper Tehachapi-Grapevine","Y"
"06002174001",3008943,"CA","18050002","San Pablo Bay","Y"
"06005030001",1175552,"CA","18040001","Middle San Joaquin-Lower Chowchilal","Y"
"06005068001",1175588,"CA","18040010","Upper Stanislaus","Y"
"06005041001",1175561,"CA","18020104","Sacramento-Stone Corral","Y"
"06000000065",3606861,"CA","18040002","Middle San Joaquin-Lower Merced- Lower Stanislaus","Y"
"06000000080",3607474,"CA","18050003","Coyote","Y"
"06005039001",1175559,"CA","18030006","Upper Tule","Y"
"06005031001",1175553,"CA","18020159","Honcut Creek-Lower Feather River","Y"
"06009069001",3368012,"CA","18100203","San Felipe Creek","Y"
"06008005001",1175949,"CA","18070203","Santa Ana","Y"
"06009014002",1176046,"CA","18070303","San Luis Rey-Escondido","Y"
"06000000310",3612940,"CA","18030006","Upper Tule","Y"
"06005049001",1175569,"CA","18040001","Middle San Joaquin-Lower Chowchilal","Y"
"06008006001",1175950,"CA","18070202","San Jacinto","Y"
"06000000083",3607553,"CA","18100201","Whitewater River","Y"
"06000000078",3607384,"CA","18070106","San Gabriel","Y"
"06000000068",3606909,"CA","18050004","San Francisco Bay","Y"
"06009014001",1176045,"CA","18070303","San Luis Rey-Escondido","Y"
"06002072001",1175334,"CA","18050002","San Pablo Bay","Y"
"06000000138",3608601,"CA","18060005","Salinas","Y"
"06006020001",1175875,"CA","16050102","Truckee","Y"
"06000000108",3607994,"CA","18070203","Santa Ana","Y"
"06000000170",3609134,"CA","18050004","San Francisco Bay","Y"
"06000000260",3611384,"CA","18020161","Auburn Ravine-Coon Creek",""
"06000000254",3611378,"CA","18080001","Surprise Valley",""
"06004009001",1175477,"CA","18070105","Los Angeles","Y"
"06000000073",3607081,"CA","18070301","Aliso-San Onofre","Y"
"06009074002",3334975,"CA","18070301","Aliso-San Onofre","Y"
"06002084001",1175341,"CA","18050002","San Pablo Bay","Y"
"06007005001",1175911,"CA","18100204","Salton Sea","Y"
"06005071001",1175590,"CA","18030012","Tulare-Buena Vista Lakes","Y"
"06000000097",3607868,"CA","18070106","San Gabriel","Y"
"06000000092",3607832,"CA","18070104","Santa Monica Bay","Y"
"06002152001",1175364,"CA","18050002","San Pablo Bay","Y"
"06002036001",1175294,"CA","18050004","San Francisco Bay","Y"
"06005043001",1175563,"CA","18040007","Upper Chowchilla-Upper Fresno","Y"
"06000000136",3608525,"CA","18050004","San Francisco Bay","Y"
"06000000132",3608439,"CA","18070302","Santa Margarita","Y"
"06000000246",3611370,"CA","18010103","Upper Eel",""
"06007770001",3522264,"CA","18100100","Southern Mojave","Y"
"06004009014",3482611,"CA","18070105","Los Angeles","Y"
"06005006001",1175527,"CA","18030005","Upper Deer-Upper White","Y"
"06005272001",1175747,"CA","18030012","Tulare-Buena Vista Lakes","Y"
"06000000169",3609130,"CA","18050004","San Francisco Bay","Y"
"06004002001",1175457,"CA","18070102","Santa Clara","Y"
"06000000105",3607961,"CA","18070203","Santa Ana","Y"
"06005122002",1175653,"CA","18020111","Lower American","Y"
"06000000090",3607791,"CA","18070203","Santa Ana","Y"
"06009031001",1176066,"CA","18070304","San Diego","Y"
"06002122001",1175356,"CA","18050004","San Francisco Bay","Y"
"06000000159",3609003,"CA","18010205","Butte",""
"06000000159",3609003,"CA","18070104","Santa Monica Bay",""
"06000000159",3609003,"CA","18010106","South Fork Eel",""
"06000000159",3609003,"CA","18020002","Upper Pit",""
"06000000159",3609003,"CA","18070305","Cottonwood-Tijuana",""
"06000000159",3609003,"CA","18010212","South Fork Trinity",""
"06000000159",3609003,"CA","18020152","Cow Creek",""
"06000000159",3609003,"CA","18020001","Goose Lake",""
"06000000159",3609003,"CA","18040014","Panoche-San Luis Reservoir",""
"06000000159",3609003,"CA","18020129","South Fork American",""
"06000000159",3609003,"CA","18070204","Newport Bay",""
"06000000159",3609003,"CA","18100204","Salton Sea",""
"06000000159",3609003,"CA","18090202","Upper Amargosa",""
"06000000159",3609003,"CA","18020111","Lower American",""
"06000000159",3609003,"CA","16040204","Massacre Lake",""
"06000000159",3609003,"CA","18090204","Panamint Valley",""
"06000000159",3609003,"CA","18050002","San Pablo Bay",""
"06000000159",3609003,"CA","18050003","Coyote",""
"06000000159",3609003,"CA","17100311","Illinois",""
"06000000159",3609003,"CA","18020104","Sacramento-Stone Corral",""
"06000000159",3609003,"CA","18040012","Upper Mokelumne",""
"06000000159",3609003,"CA","18100201","Whitewater River",""
"06000000106",3607985,"CA","18090206","Antelope-Fremont Valleys","Y"
"06003017001",1238812,"CA","18060006","Central Coastal","Y"
"06000000172",3609151,"CA","18060015","",""
"06000000189",3609339,"CA","18050001","Suisun Bay","Y"
"06000000109",3608001,"CA","18090208","Mojave","Y"
"06000000150",3608852,"CA","18020163","Cache Slough-Sacramento River","Y"
"06000000104",3607926,"CA","18050004","San Francisco Bay","Y"
"06002071001",1175331,"CA","18050002","San Pablo Bay","Y"
"06000000182",3609282,"CA","18040003","San Joaquin Delta","Y"
"06005027001",1175549,"CA","18020111","Lower American","Y"
"06000000185",3609289,"CA","18060013","Santa Barbara Coastal","Y"
"06005227001",1238820,"CA","18020111","Lower American","Y"
"06002081001",1175339,"CA","18050004","San Francisco Bay","Y"
"06001041001",1175206,"CA","18010101","Smith","Y"
"06000000153",3608861,"CA","18100201","Whitewater River","Y"
"06005011001",1175532,"CA","18020158","Butte Creek","Y"
"06000000159",3609003,"CA","18020159","Honcut Creek-Lower Feather River",""
"06000000159",3609003,"CA","18060013","Santa Barbara Coastal",""
"06000000159",3609003,"CA","18010208","Scott",""
"06000000159",3609003,"CA","18020125","Upper Yuba",""
"06000000159",3609003,"CA","18070203","Santa Ana",""
"06000000159",3609003,"CA","18070302","Santa Margarita",""
"06000000159",3609003,"CA","18020115","Upper Stony",""
"06000000159",3609003,"CA","18060014","Santa Barbara Channel Islands",""
"06000000159",3609003,"CA","18010108","Big-Navarro-Garcia",""
"06000000159",3609003,"CA","18030001","Upper Kern",""
"06000000121",3608175,"CA","18070202","San Jacinto","Y"
"06000000135",3608519,"CA","18040002","Middle San Joaquin-Lower Merced- Lower Stanislaus","Y"
"06002040001",1175298,"CA","18050004","San Francisco Bay","Y"
"06000000183",3609283,"CA","18070106","San Gabriel","Y"
"06000000199",3609569,"CA","18050003","Coyote","Y"
"06000000145",3608834,"CA","18070106","San Gabriel","Y"
"06000000165",3609119,"CA","18030012","Tulare-Buena Vista Lakes","Y"
"06000000101",3607883,"CA","18070303","San Luis Rey-Escondido","Y"
"06002109001",1175348,"CA","18050004","San Francisco Bay","Y"
"06000000180",3609248,"CA","18050004","San Francisco Bay","Y"
"06008014001",1175964,"CA","18070204","Newport Bay","Y"
"06003022001",1175389,"CA","18060005","Salinas","Y"
"06001064001",1175223,"CA","18010205","Butte","Y"
"06003050001",1175418,"CA","18060010","Santa Ynez","Y"
"06005061001",1238816,"CA","18040003","San Joaquin Delta","Y"
"06000000201",3609599,"CA","18070203","Santa Ana","Y"
"06000000131",3608421,"CA","18050004","San Francisco Bay","Y"
"06000000091",3607829,"CA","18050004","San Francisco Bay","Y"
"06001011001",1175181,"CA","18010105","Lower Eel","Y"
"06000000224",3610767,"CA","18050004","San Francisco Bay","Y"
"06005098001",1175618,"CA","18020154","Battle Creek-Sacramento River","Y"
"06008076001",1176022,"CA","18070204","Newport Bay","Y"
"06007011001",1238829,"CA","18100204","Salton Sea","Y"
"06000000226",3610894,"CA","18010105","Lower Eel","Y"
"06007013001",1175921,"CA","18100204","Salton Sea","Y"
"06005266001",1175745,"CA","18030009","Upper Dry","Y"
"06000000218",3610553,"CA","18010110","Russian","Y"
"06000000240",3611364,"CA","18020115","Upper Stony",""
"06008009001",1175958,"CA","18070203","Santa Ana","Y"
"06000000209",3610185,"CA","18070303","San Luis Rey-Escondido","Y"
"06005240001",1175727,"CA","18020002","Upper Pit","Y"
"06005106001",1175638,"CA","18040001","Middle San Joaquin-Lower Chowchilal","Y"
"06000000204",3609644,"CA","18050002","San Pablo Bay","Y"
"06000000276",3611400,"CA","18010206","Upper Klamath",""
"06000000243",3611367,"CA","18090103","Owens Lake","Y"
"06000000243",3611367,"CA","18090204","Panamint Valley",""
"06000000243",3611367,"CA","18090102","Crowley Lake",""
"06000000265",3611389,"CA","16060015","Ivanpah-Pahrump Valleys",""
"06000000260",3611384,"CA","16050101","Lake Tahoe",""
"06000000287",3611411,"CA","18020126","Upper Bear",""
"06006010001",1175863,"CA","18090102","Crowley Lake","Y"
"06000000244",3611368,"CA","18090205","Indian Wells-Searles Valleys",""
"06000000233",3611357,"CA","18020159","Honcut Creek-Lower Feather River",""
"06005329001",1175773,"CA","18020129","South Fork American","Y"
"06000000234",3611358,"CA","18040011","Upper Calaveras",""
"06000000234",3611358,"CA","18040003","San Joaquin Delta",""
"06000000241",3611365,"CA","18010106","South Fork Eel",""
"06000000277",3611401,"CA","18020162","Putah Creek",""
"06000000280",3611404,"CA","18020159","Honcut Creek-Lower Feather River","Y"
"06000000238",3611362,"CA","18020129","South Fork American","Y"
"06000000242",3611366,"CA","18100203","San Felipe Creek",""
"06000000266",3611390,"CA","18070303","San Luis Rey-Escondido",""
"06000000266",3611390,"CA","18070305","Cottonwood-Tijuana",""
"06000000299",3612632,"CA","18040011","Upper Calaveras",""
"06000000299",3612632,"CA","18020002","Upper Pit",""
"06000000299",3612632,"CA","18050006","San Francisco Coastal South",""
"06000000299",3612632,"CA","15030104","Imperial Reservoir",""
"06000000299",3612632,"CA","18060008","Santa Maria",""
"06000000299",3612632,"CA","18020004","McCloud",""
"06000000299",3612632,"CA","18040010","Upper Stanislaus",""
"06000000299",3612632,"CA","18040012","Upper Mokelumne",""
"06000000299",3612632,"CA","18040003","San Joaquin Delta",""
