"CWNS_ID","FACILITY_ID","STATE_CODE","RESPONSIBLE_ENTITY","AUTHORITY_NAME"
"06002052001",1175310,"CA","","Oro Loma Sanitary District"
"06000000153",3608861,"CA","Y","Mission Springs Water District"
"06007021001",1175929,"CA","Y","Mission Springs Water District"
"06009031001",1176066,"CA","","City of San Diego Metropolitan Wastewater Depart."
"06009031002",1176067,"CA","","City of San Diego Metropolitan Wastewater Depart."
"06009031004",1176069,"CA","","City of San Diego Metropolitan Wastewater Depart."
"06028009001",425890,"CA","","City of Chino, Public Works Department"
"06002043001",1175301,"CA","Y","SAN MATEO, CITY OF"
"06008038001",1175992,"CA","","Orange County Sanitation District"
"06008023005",2942682,"CA","","Orange County Sanitation District"
"06008022001",1175976,"CA","","Orange County Sanitation District"
"06008023014",2944225,"CA","","Orange County Sanitation District"
"06008023003",2945422,"CA","","Orange County Sanitation District"
"06008022002",1175977,"CA","","Orange County Sanitation District"
"06008023002",2945322,"CA","","Orange County Sanitation District"
"06008023001",2942642,"CA","","Orange County Sanitation District"
"06008023006",2942689,"CA","","Orange County Sanitation District"
"06008023011",2944164,"CA","Y","Orange County Sanitation District"
"06001078001",1175231,"CA","Y","Ukiah Valley Sanitation District"
"06005032001",1175554,"CA","Y","Woodlake, City of"
"06001027001",1175195,"CA","Y","City of Willits"
"06001041001",1175206,"CA","Y","City of Crescent City"
"06001017002",480835,"CA","Y","Camp Meeker Recreation & Park District"
"06004044001",1175519,"CA","Y","City of Santa Paula"
"06008034001",1175989,"CA","","Elsinore Valley Municipal Water District"
"06008041002",1175996,"CA","","Elsinore Valley Municipal Water District"
"06004010005",1175495,"CA","Y","City of Los Angeles"
"06004010002",1175492,"CA","Y","City of Los Angeles"
"06004010004",1175494,"CA","Y","City of Los Angeles"
"06004010003",1175493,"CA","Y","City of Los Angeles"
"06005088002",1175609,"CA","Y","Sewerage Commission-Oroville Region"
"06002176001",412968,"CA","Y","Piedmont, City of"
"06005351001",1175785,"CA","Y","Tipton Community Services District"
"06009016001",1176048,"CA","Y","Rancho Santa Fe Community Services District"
"06009020001",1176052,"CA","Y","Whispering Palms Community Services District"
"06005179001",1175689,"CA","Y","NEWMAN, CITYOF"
"06005100001",1175620,"CA","Y","Amador City, City of"
"06005345001",1175781,"CA","Y","Strathmore Public Utility District"
"06002071001",1175331,"CA","Y","Novato Sanitary District"
"06003049001",1175417,"CA","Y","Laguna County Sanitation District"
"06003012001",1175381,"CA","","Monterey One Water"
"06002006001",1175267,"CA","Y","Dublin San Ramon Services District"
"06024008010",424998,"CA","Y","Malibu, City of"
"06003042001",1175409,"CA","Y","Summerland Sanitary District"
"06005285001",1238823,"CA","Y","Shasta County Department of Public Works"
"06003022001",1175389,"CA","Y","Greenfield, City of"
"06009076001",1176095,"CA","Y","Irvine Ranch  Water District"
"06000000203",3609627,"CA","Y","Irvine Ranch  Water District"
"06005198001",1175702,"CA","Y","City of Grass Valley"
"06005319001",1175766,"CA","Y","McCloud Community Services District"
"06001079001",1175232,"CA","Y","City of Ukiah"
"06005240001",1175727,"CA","Y","Alturas, City of"
"06007025001",1175933,"CA","Y","Coachella Sanitary District"
"06003003001",1175374,"CA","Y","Santa Barbara County Parks"
"06003038001",1175403,"CA","Y","Santa Cruz County"
"06003038006",441073,"CA","Y","Santa Cruz County"
"06000000172",3609151,"CA","Y","Santa Cruz County"
"06025043001",2859980,"CA","Y","Chowchilla, City of"
"06005043001",1175563,"CA","Y","Chowchilla, City of"
"06012004008",412595,"CA","Y","Calleguas Municipal Water District"
"06003046001",1175414,"CA","Y","Pfeiffer State Park"
"06000000179",3609238,"CA","Y","Contra Costa Water District"
"06003014001",1175382,"CA","Y","Morro Bay, City of"
"06000000198",3609566,"CA","Y","Alameda County Water District"
"06004051001",427399,"CA","Y","Vernon, City of"
"06022047001",427722,"CA","Y","Vallejo Sanitation & Flood Control District"
"06002047001",1175307,"CA","Y","Vallejo Sanitation & Flood Control District"
"06001085001",1175236,"CA","Y","Newell County Water District"
"06001093001",1175240,"CA","Y","Manila Community Services District"
"06002118001",1175353,"CA","Y","Petaluma, City of"
"06006008001",1175861,"CA","Y","Tahoe-Truckee Sanitation Agency"
"06009019002",1176051,"CA","Y","South Coast Water District"
"06005086001",1175607,"CA","Y","City of Parlier"
"06005218001",1175712,"CA","Y","Placer County Special Districts"
"06008006002",1175951,"CA","","Eastern Municipal Water District"
"06008006001",1175950,"CA","","Eastern Municipal Water District"
"06009080001",392614,"CA","Y","Olivenhain Municipal Water District"
"06009014001",1176045,"CA","Y","Leucadia Wastewater District"
"06009014002",1176046,"CA","Y","Leucadia Wastewater District"
"06009015003",1176047,"CA","Y","Otay Water District"
"06003004001",1175375,"CA","Y","San Luis Obispo, City of"
"06002060007",1175319,"CA","Y","Tomales Village Community Services District"
"06005066001",1175587,"CA","Y","Planada Community Services District"
"06000000204",3609644,"CA","Y","Marin, County of"
"06002038001",1175296,"CA","","Fairfield-Suisun Sewer District"
"06001014001",433503,"CA","Y","Hopland Band of Pomo Indians"
"06005226001",1175717,"CA","Y","Cutler-Orosi Joint Powers Wastewater Authority"
"06003092001",397897,"CA","Y","Vandenberg Village Community Services District"
"06009075001",1176094,"CA","","Moulton Niguel Water District"
"06003061001",1175428,"CA","Y","Carpinteria Sanitary District"
"06029031001",402846,"CA","","San Diego Storm Water Pollution Prevention Program"
"06028004001",457939,"CA","Y","City of San Bernardino, Public Works Division"
"06006041001",1175894,"CA","Y","Rosamond Community Services District"
"06025146001",3534676,"CA","Y","City of Manteca"
"06008005001",1175949,"CA","Y","Montclair, City of"
"06002025001",1175283,"CA","Y","Central Contra Costa Sanitary District"
"06002041001",1175299,"CA","","San Jose, City of, Environmental Services Depart."
"06022041002",470876,"CA","","San Jose, City of, Public Works Department"
"06008019001",1175972,"CA","Y","Yucaipa Valley Water District"
"06005306001",1175758,"CA","Y","Lamont Public Utility District"
"06003094001",406088,"CA","Y","Arroyo Grande, City of"
"06000000208",3609709,"CA","Y","Arroyo Grande, City of"
"06002113001",1175351,"CA","Y","Mountain View, City of"
"06003009001",1175378,"CA","Y","SOLEDAD, CITYOF"
"06008010008",410633,"CA","Y","City of Fontana"
"06005024001",1175545,"CA","Y","City of Live Oak"
"06005041001",1175561,"CA","Y","City of Colusa"
"06005001001",1175523,"CA","Y","OAKDALE, CITYOF"
"06002040001",1175298,"CA","Y","Daly City, City of"
"06003068001",1175436,"CA","Y","Cuyama Community Services District"
"06009030001",1176065,"CA","Y","Spring Valley Sanitation District"
"06009036001",1176075,"CA","Y","Padre Dam Municipal Water District"
"06008007001",1175956,"CA","Y","Big Bear Area Regional Wastewater Agency"
"06009069001",3368012,"CA","Y","Borrego Water District"
"06000000138",3608601,"CA","Y","Paso Robles, City of"
"06003027001",1175394,"CA","Y","Paso Robles, City of"
"06005008001",1175528,"CA","Y","HANFORD, CITY OF"
"06005028001",1175550,"CA","Y","RIPON, CITY OF"
"06005049001",1175569,"CA","Y","FIREBAUGH, CITY OF"
"06005205001",1175708,"CA","Y","Davis, City of"
"06000000150",3608852,"CA","Y","Davis, City of"
"06005233001",1175721,"CA","Y","COLFAX, CITY OF"
"06005235001",1175722,"CA","Y","Dixon, City of"
"06000000129",3608381,"CA","Y","Dixon, City of"
"06005236001",1175723,"CA","Y","WINTERS, CITY OF"
"06005238001",1175725,"CA","Y","MOKELUMNE HILL SD"
"06005244001",1175730,"CA","Y","REEDLEY, CITY OF"
"06005245002",1175731,"CA","Y","CORNING, CITY OF"
"06025246001",2821302,"CA","Y","CORCORAN, CITY OF"
"06005246001",1175732,"CA","Y","CORCORAN, CITY OF"
"06005253001",1175738,"CA","Y","RIO VISTA, CITY OF"
"06001010005",1175180,"CA","Y","EUREKA, CITY OF"
"06021010005",2902596,"CA","Y","EUREKA, CITY OF"
"06001011001",1175181,"CA","Y","FORTUNA, CITY OF"
"06001012001",1175182,"CA","Y","GARBERVILLE SAN DIST"
"06001013001",1175183,"CA","Y","HOPLAND PUD"
"06001015001",1175184,"CA","Y","MCKINLEYVILLE COM.SER.D"
"06001020001",1175189,"CA","Y","RIO DELL, CITY OF"
"06001028001",1175196,"CA","Y","FT BRAGG MID"
"06001042001",1175207,"CA","Y","YREKA, CITY OF"
"06003053001",1175421,"CA","N","Montecito Sanitary District"
"06024017001",3517761,"CA","Y","City of Fillmore"
"06001008001",1175175,"CA","N","City of Ferndale"
"06002034002",1175292,"CA","N","C&H Sugar Company, Inc."
"06002036001",1175294,"CA","","EAST BAY MUNICIPAL UTILITY DISTRICT"
"06000000205",3609670,"CA","Y","North San Mateo County Sanitation District"
"06002040001",1175298,"CA","N","North San Mateo County Sanitation District"
"06002041001",1175299,"CA","","SAN JOSE/SANTA CLARA WPCP"
"06002043001",1175301,"CA","N","SAN MATEO, CITY OF"
"06002044004",1175304,"CA","N","Central Marin Sanitation Agency"
"06002046001",1175306,"CA","N","SOUTH SAN FRANCISCO AND SAN BRUNO WQCP"
"06002047001",1175307,"CA","","Vallejo Sanitation and Flood Control District"
"06002064001",1175324,"CA","N","Rodeo Sanitary District"
"06002071001",1175331,"CA","N","NOVATO SANITARY DISTRICT"
"06002082001",1175340,"CA","","BENICIA, CITY OF WWTP"
"06002108001",1175347,"CA","","LAS GALLINAS VALLEY SD"
"06002109001",1175348,"CA","N","City of Livermore, Livermore-Amador Valley WMA, Ea"
"06002118001",1175353,"CA","N","Petaluma, City of"
"06002120001",1175354,"CA","","Pinole, City of"
"06002125002",3509618,"CA","Y","South Bayside System Authority"
"06002125001",1175358,"CA","Y","South Bayside System Authority"
"06004026001",1175512,"CA","N","Las Virgenes Municipal Water District"
"06003061001",1175428,"CA","N","Carpinteria Sanitary District"
"06004003001",1175458,"CA","","SIMI VALLEY WQCP"
"06004006001",1175461,"CA","N","SAN BUENAVENTURA, VENTURA WRF"
"06004010001",1175491,"CA","","Los Angeles, City of - Bureau of Sanitation"
"06004027001",1175513,"CA","","OXNARD, CITY OF WWTP"
"06000000117",3608103,"CA","","OXNARD, CITY OF WWTP"
"06004032001",1175516,"CA","N","Burbank, City of"
"06005009001",1175529,"CA","","Sacramento Regional County Sanitation District"
"06005011001",1175532,"CA","N","CHICO WPCP"
"06005018001",1175539,"CA","N","PORTOLA, CITY OF"
"06005023002",1175544,"CA","N","ANDERSON, CITY OF"
"06005025001",1175546,"CA","N","STOCKTON, CITY OF"
"06005031001",1175553,"CA","N","Olivehurst Public Utility District"
"06002123001",1175357,"CA","N","SF INTERNATIONAL AIRPORT"
"06001010005",1175180,"CA","N","EUREKA CITY"
"06001011001",1175181,"CA","N","Fortuna, City of"
"06001020001",1175189,"CA","N","Rio Dell, City of"
"06001032001",1175200,"CA","Y","Graton Community Services District"
"06008100001",1176031,"CA","N","SOCWA-ALISO CREEK OCEAN O/F"
"06009076001",1176095,"CA","N","SOCWA-ALISO CREEK OCEAN O/F"
"06008022001",1175976,"CA","","Orange County Sanitation District"
"06022012001",3514318,"CA","Y","City of Palo Alto"
"06008022002",1175977,"CA","","Orange County Sanitation District"
"06008024001",1175978,"CA","N","Colton, City of"
"06008033001",1175988,"CA","N","Irvine Ranch Water District"
"06008041002",1175996,"CA","","ELSINORE VALLEY MWD"
"06008052001",1176004,"CA","N","VIOLIA WATER NORTH AMERICA"
"06008085001",1176028,"CA","Y","Eastern Municipal Water District"
"06008100001",1176031,"CA","N","South Orange County Wastewater Authority"
"06000000073",3607081,"CA","","South Orange County Wastewater Authority"
"06009004001",1176034,"CA","N","Fallbrook Public Utility District"
"06009006001",1176037,"CA","N","South Orange County Wastewater Authority"
"06009011001",1176042,"CA","N","Encina Wastewater Authority"
"06009019001",1176050,"CA","N","South Orange County Wastewater Authority"
"06009028001",1176063,"CA","N","San Elijo Joint Powers Authority"
"06009031004",1176069,"CA","","IBWC-US & MEXICO SECTION"
"06009032001",1176070,"CA","","Escondido, City of"
"06009041001",1176079,"CA","","Oceanside, City of"
"06009041002",1176080,"CA","","Oceanside, City of"
"06009076001",1176095,"CA","N","South Orange County Wastewater Authority"
"06004014001",1175501,"CA","","VENTURA CO WATER WORKS DIST. 1"
"06004016001",1175503,"CA","N","AVALON, CITY OF WWTF"
"06000000182",3609282,"CA","Y","Tracy, City of"
"06005184001",1175693,"CA","N","VACAVILLE, CITY OF"
"06005200001",1175704,"CA","N","Nevada City, City of"
"06005204001",1175707,"CA","N","Dunsmuir, City of"
"06005233001",1175721,"CA","N","COLFAX, CITY OF  WWTP"
"06005240001",1175727,"CA","N","ALTURAS, CITY OF"
"06005243001",1175729,"CA","N","QUINCY CSD"
"06005245002",1175731,"CA","N","Corning, City of"
"06005249003",1175735,"CA","N","El Dorado Irrigation District"
"06005257001",1175740,"CA","N","Linda County Water District"
"06005265001",1175744,"CA","N","Biggs, City of"
"06005368001",1175795,"CA","N","RED BLUFF CITY"
"06005783001",1175853,"CA","N","STALLION SPRINGS CSD WWTF"
"06006002001",1175855,"CA","N","SUSANVILLE SANITARY DISTRICT"
"06006009001",1175862,"CA","N","VICTOR VALLEY WWRA, RWWTP"
"06007005001",1175911,"CA","N","CITY OF CALEXICO"
"06007014001",1175922,"CA","N","Imperial, City of"
"06007019001",1175928,"CA","N","Westmorland, City of"
"06007022001",1175930,"CA","N","City of Brawley"
"06007025001",1175933,"CA","N","Coachella Sanitary District"
"06007029001",1175936,"CA","N","Valley Sanitary District"
"06008004001",1175948,"CA","","San Bernardino Municipal Water Department"
"06008006001",1175950,"CA","Y","Eastern Municipal Water District"
"06008006002",1175951,"CA","Y","Eastern Municipal Water District"
"06008006006",1175954,"CA","Y","Eastern Municipal Water District"
"06008012001",1175963,"CA","N","BEAUMONT CITY"
"06008016003",1175969,"CA","N","WESTERN RIVERSIDE CO. RWA"
"06008019001",1175972,"CA","N","YUCAIPA VALLEY WATER DISTRICT"
"06008020001",1175973,"CA","","City of Corona Department of Water & Power"
"06025000001",3522260,"CA","Y","City of Livingston"
"06002052001",1175310,"CA","","East Bay Dischargers Authority"
"06002032005",443709,"CA","","CITY AND COUNTY OF SAN FRANCISCO"
"06002042001",1175300,"CA","Y","SAN LEANDRO, CITY OF"
"06002053001",1175311,"CA","Y","CALISTOGA, CITY OF"
"06002056001",1175312,"CA","Y","RICHARDSON BAY SAN. DIST"
"06002063002",1175323,"CA","Y","MARIN SD NO. 5"
"06002064001",1175324,"CA","Y","RODEO SAN. DIST."
"06002067001",1175327,"CA","Y","City of Pittsburg"
"06002074001",1175336,"CA","Y","ST. HELENA, CITY OF"
"06001045003",1175211,"CA","Y","SANTA ROSA, CITY OF"
"06001047001",1175213,"CA","Y","ARCATA, CITY OF"
"06001048001",1175214,"CA","Y","POINT ARENA"
"06001049001",1175215,"CA","Y","MENDOCINO CWWD NO 2"
"06001054001",1175220,"CA","Y","WEED, CITY OF"
"06001064001",1175223,"CA","Y","DORRIS, CITY OF"
"06001082001",1175233,"CA","Y","HEALDSBURG, CITY OF"
"06005257001",1175740,"CA","Y","LINDA COUNTY WATER DIST"
"06005261001",1175742,"CA","Y","Avenal, City of"
"06005262001",1175743,"CA","Y","BECKWOURTH CSA"
"06005265001",1175744,"CA","Y","BIGGS, CITY OF"
"06005266001",1175745,"CA","Y","BIOLA COMM SERV DIST"
"06005271001",1175746,"CA","Y","BYRON SANITARY DISTRICT"
"06004011008",1175496,"CA","Y","VENTURA REGIONAL CSD"
"06004011009",1175497,"CA","Y","VENTURA REGIONAL CSD"
"06004016001",1175503,"CA","Y","AVALON, CITY OF"
"06004022002",1175509,"CA","Y","VENTURA COUNTY OF"
"06004026001",1175512,"CA","Y","LAS VIRGENES MUNWD"
"06004027001",1175513,"CA","Y","Oxnard, City of"
"06000000117",3608103,"CA","","Oxnard, City of"
"06005272001",1175747,"CA","Y","BUTTONWILLOW CWD"
"06005282001",1175749,"CA","Y","CLEARLAKE OAKS CWD"
"06005284001",1175750,"CA","Y","COALINGA, CITY OF"
"06005297001",1175754,"CA","Y","GUSTINE, CITY OF"
"06005299001",1175755,"CA","Y","HAMILTON CITY COMM SERV D"
"06005300001",1175756,"CA","Y","HILMAR C.W.D."
"06005310001",1175761,"CA","Y","LEMOORE, CITY OF"
"06005311001",1175762,"CA","Y","LEMON COVE SAN DIST"
"06005315002",1175764,"CA","Y","LIVINGSTON, CITY OF"
"06005316001",1175765,"CA","Y","LONDON COMM SERV DIST"
"06025319001",2840122,"CA","Y","MCCLOUD COMM SERV DIST"
"06005325001",1175771,"CA","Y","ORLAND, CITY OF"
"06005328001",1175772,"CA","Y","PIXLEY PUD"
"06005329001",1175773,"CA","Y","PLACERVILLE, CITY OF"
"06005335001",1175774,"CA","Y","RICHVALE, CITY OF"
"06005347001",1175782,"CA","Y","TAFT, CITY OF"
"06005357001",1175790,"CA","Y","WHEATLAND, CITY OF"
"06005358001",1175791,"CA","Y","WESTWOOD MANOR SMD"
"06005366001",1175793,"CA","Y","LOYALTON, CITY OF"
"06005368001",1175795,"CA","Y","RED BLUFF, CITY OF"
"06005045001",1175565,"CA","N","Donner Summit Public Utilities District"
"06005031001",1175553,"CA","N","Olivehurst Public Utility District"
"06005040001",1175560,"CA","N","Auburn, City of"
"06005041001",1175561,"CA","N","CITY OF COLUSA WWTP"
"06007007001",1175913,"CA","N","Calipatria, City of"
"06007013001",1175921,"CA","N","Holtville, City of"
"06007014001",1175922,"CA","N","Imperial, City of"
"06007019001",1175928,"CA","N","WESTMORLAND, CITY OF WWTP"
"06007022001",1175930,"CA","N","City of Brawley"
"06007025001",1175933,"CA","N","Coachella Sanitary District"
"06007029001",1175936,"CA","N","Valley Sanitary District"
"06008001001",1175945,"CA","","RIVERSIDE CITY"
"06008016003",1175969,"CA","N","WESTERN RIVERSIDE CO. RWA"
"06009004001",1176034,"CA","N","FALLBROOK PUBLIC UTILITY DIST"
"06009011001",1176042,"CA","N","Encina Wastewater Authority"
"06009019001",1176050,"CA","N","SOCWA-SAN JUAN CREEK OCEAN O/F"
"06009028001",1176063,"CA","N","San Elijo Joint Powers Authority"
"06009031001",1176066,"CA","","San Diego, City of"
"06009036001",1176075,"CA","N","PADRE DAM MUNICIPAL WATER DISTRICT"
"06003058001",1175426,"CA","N","AVILA BEACH CSD, PORT SAN LUIS HARBOR DISTRICT"
"06003061001",1175428,"CA","N","Carpinteria Sanitary District"
"06003081001",1175445,"CA","Y","South San Luis Obispo County Sanitation District"
"06004002001",1175457,"CA","N","OJAI VALLEY SANITARY DISTRICT"
"06000000196",3609511,"CA","Y","LA County"
"06004010001",1175491,"CA","Y","Los Angeles, City of"
"06004010002",1175492,"CA","N","City of Los Angeles"
"06004010003",1175493,"CA","N","City of Los Angeles"
"06004010004",1175494,"CA","","City of Los Angeles"
"06004016001",1175503,"CA","N","AVALON, CITY OF WWTF"
"06004022002",1175509,"CA","N","NILAND SANITARY DISTRICT WWTP"
"06004026001",1175512,"CA","N","Las Virgenes Municipal Water District"
"06004029001",1175514,"CA","","CAMARILLO SANITARY DISTRICT"
"06005011001",1175532,"CA","N","CHICO WPCP"
"06005018001",1175539,"CA","N","CITY OF PORTOLA"
"06000000065",3606861,"CA","","MODESTO, CITY OF WQCF"
"06000000066",3606862,"CA","","MODESTO, CITY OF WQCF"
"06005065001",1175586,"CA","N","MODESTO, CITY OF WQCF"
"06005088002",1175609,"CA","N","Sewerage Commission Oroville Region"
"06005146001",1175666,"CA","N","MANTECA CITY"
"06005162001",1175680,"CA","N","SAN ANDREAS SANITARY DISTRICT WWTP"
"06005198001",1175702,"CA","N","GRASS VALLEY CITY"
"06005200001",1175704,"CA","N","CITY OF NEVADA CITY"
"06005205001",1175708,"CA","","CITY OF DAVIS WWTP"
"06005243001",1175729,"CA","N","QUINCY CSD"
"06005245002",1175731,"CA","N","Corning, City of"
"06005249001",1175733,"CA","N","EL DORADO IRRIGATION DISTRICT"
"06005249003",1175735,"CA","N","EL DORADO IRRIGATION DISTRICT"
"06005253001",1175738,"CA","N","RIO VISTA, CITY OF"
"06005368001",1175795,"CA","N","RED BLUFF CITY"
"06005421001",1175804,"CA","N","NEVADA COUNTY SANITATION DISTRICT NO. 1"
"06005681001",1175845,"CA","N","NEVADA COUNTY SANITATION DISTRICT NO. 1"
"06005682001",1175846,"CA","N","NEVADA COUNTY SANITATION DISTRICT NO. 1"
"06006002001",1175855,"CA","N","SUSANVILLE SANITARY DISTRICT"
"06007002001",1175909,"CA","N","EL CENTRO CITY"
"06028009001",425890,"CA","","SAN BERNARDINO, COUNTY OF/MS4"
"06005009001",1175529,"CA","Y","Sacramento Regional County Sanitation District"
"06009074001",1176093,"CA","Y","Santa Margarita Water District"
"06002038001",1175296,"CA","Y","Fairfield-Suisun Sewer District"
"06002038001",1175296,"CA","","FAIRFIELD-SUISUN SEWER DISTRCT"
"06000000189",3609339,"CA","Y","FAIRFIELD-SUISUN SEWER DISTRCT"
"06002039001",1175297,"CA","","MILLBRAE, CITY OF AND NBSU"
"06002040001",1175298,"CA","N","North San Mateo County Sanitation District"
"06002046001",1175306,"CA","N","SOUTH SAN FRANCISCO AND SAN BRUNO WQCP"
"06002047001",1175307,"CA","","Vallejo Sanitation and Flood Control District"
"06002053001",1175311,"CA","N","Calistoga, City of"
"06002069001",1175329,"CA","N","SONOMA COUNTY WATER AGENCY"
"06002071001",1175331,"CA","N","NOVATO SANITARY DISTRICT"
"06002074001",1175336,"CA","N","St Helena, City of"
"06002118001",1175353,"CA","N","Petaluma, City of"
"06003004001",1175375,"CA","N","SAN LUIS OBISPO CITY"
"06003010001",1175379,"CA","N","Santa Cruz, City of"
"06003014001",1175382,"CA","N","MORRO BAY, CITY OF AND CAYUCOS SANITARY DISTRICT"
"06003021001",1175388,"CA","N","GOLETA SD"
"06003027001",1175394,"CA","N","City of El Paso de Robles"
"06003028001",1175395,"CA","N","CITY OF PISMO BEACH"
"06002008001",1175269,"CA","Y","Sunnyvale, City of"
"06022008001",2865324,"CA","Y","Sunnyvale, City of"
"06002155001",1175365,"CA","","Sewerage Agency of Southern Marin"
"06003010001",1175379,"CA","N","Santa Cruz, City of"
"06003027001",1175394,"CA","N","City of El Paso de Robles"
"06003037001",1175402,"CA","","El Estero WWTF"
"06005040001",1175560,"CA","N","AUBURN, CITY OF WWTP"
"06001036001",1175202,"CA","","WINDSOR, TOWN OF"
"06001040001",1175205,"CA","Y","Covelo Community Services District"
"06002029001",1175287,"CA","Y","Hayward, City of"
"06004003001",1175458,"CA","Y","Simi Valley, City of"
"06000000085",3607599,"CA","Y","Simi Valley, City of"
"06024017001",3517761,"CA","N","VENTURA COUNTY FCD/MS4"
"06024006001",3517876,"CA","N","VENTURA COUNTY FCD/MS4"
"06008020003",3518636,"CA","","CORONA CITY DEPT WATER & POWER"
"06022032001",3217908,"CA","","SAN FRANCISCO P.U.C."
"06002032002",1175288,"CA","","SAN FRANCISCO P.U.C."
"06002032004",442052,"CA","","SAN FRANCISCO P.U.C."
"06002032005",443709,"CA","","SAN FRANCISCO P.U.C."
"06002032003",1175289,"CA","","SAN FRANCISCO P.U.C."
"06001045001",1175209,"CA","N","CITY OF SANTA ROSA - UTILITIES"
"06001047001",1175213,"CA","N","Arcata, City of"
"06001069001",1175228,"CA","Y","LOLETA CSD WWTF"
"06002006001",1175267,"CA","N","Dublin San Ramon SD, Livermore-Amador Valley WMA,"
"06002011001",1175272,"CA","N","BURLINGAME WWTF"
"06002015001",1175274,"CA","","Sewerage Agency of Southern Marin"
"06002021001",1175279,"CA","N","CONTRA COSTA CO SD NO.5"
"06028078001",3514416,"CA","Y","City of Costa Mesa"
"06009074002",3334975,"CA","Y","Santa Margarita Water District"
"06028009001",425890,"CA","","SAN BERNARDINO, COUNTY OF/MS4"
"06028004001",457939,"CA","N","SAN BERNARDINO, COUNTY OF/MS4"
"06003060001",1175427,"CA","Y","South County Regional Wastewater Authority"
"06000000158",3608996,"CA","","South County Regional Wastewater Authority"
"06003042001",1175409,"CA","N","SUMMERLAND SANITARY DISTRICT"
"06005000002",3514618,"CA","Y","Sacramento Area Sewer District"
"06008011001",1175962,"CA","Y","Cucamonga Valley Water District"
"06005004001",1238814,"CA","N","WOODLAND, CITY OF"
"06005285001",1238823,"CA","N","SHASTA CSA #17"
"06007011001",1238829,"CA","N","HEBER PUD WWTP"
"06000203200",3509698,"CA","","SAN FRANCISCO P.U.C."
"06002032004",442052,"CA","","U.S. NAVY, TREASURE ISLAND"
"06002032005",443709,"CA","","CITY & COUNTY OF SAN FRANCISCO"
"06005783001",1175853,"CA","Y","Stallion Springs CSD"
"06002054001",3486530,"CA","Y","American Canyon, City of"
"06022054001",3489911,"CA","Y","American Canyon, City of"
"06008010005",3486593,"CA","","Inland Empire Utilities Agency"
"06008010003",1175961,"CA","","Inland Empire Utilities Agency"
"06008010004",3486590,"CA","","Inland Empire Utilities Agency"
"06008010001",1175959,"CA","","Inland Empire Utilities Agency"
"06008010006",3486596,"CA","","Inland Empire Utilities Agency"
"06008011001",1175962,"CA","","Cucamonga Valley Water District"
"06003033001",3486842,"CA","Y","Heritage Ranch Community Services District"
"06004006001",1175461,"CA","Y","Ventura, City of"
"06000000195",3609479,"CA","Y","Ventura, City of"
"06021003001",2829441,"CA","Y","TRINITY COUNTY GENERAL SERVICES"
"06004037001",2833022,"CA","Y","County of Ventura, Public Works Agency"
"06024006001",3517876,"CA","Y","Ventura, City of"
"06003037001",1175402,"CA","","El Estero WWTF"
"06000000075",3607083,"CA","Y","San Juan Capistrano, City of"
"06005227002",3520617,"CA","","City of Roseville"
"06002030001",1238810,"CA","N","WEST COUNTY AGENCY"
"06008016002",1175968,"CA","Y","Home Gardens Sanitary District"
"06026000001",3522996,"CA","Y","El Dorado County"
"06024000001",3500317,"CA","Y","Los Angeles, City of"
"06005000001",3514617,"CA","Y","City of West Sacramento"
"06003044001",1175412,"CA","N","WATSONVILLE, CITY OF WWTF"
"06003047001",1175415,"CA","N","SAN JUAN BAUTISTA,  CITY OF"
"06003017001",1238812,"CA","","CARMEL AREA WWD & PEBBLE BEACH"
"06005227001",1238820,"CA","","ROSEVILLE CITY, DRY CREEK WWTP"
"06000000065",3606861,"CA","","MODESTO CITY"
"06000000066",3606862,"CA","","MODESTO CITY"
"06005065001",1175586,"CA","N","MODESTO CITY"
"06005004001",1238814,"CA","N","WOODLAND CITY"
"06006009002",3522480,"CA","Y","City of Hesperia"
"06005098002",3479031,"CA","N","Redding, City of"
"06022044001",2864707,"CA","Y","CITY OF SAN RAFAEL"
"06022008001",2865324,"CA","","City of Sunnyvale Department of Public Works"
"06001099001",1175246,"CA","Y","Airport/Larkfield/Wikiup Sanitation Zone"
"06003044001",1175412,"CA","N","WATSONVILLE, CITY OF WWTF"
"06005040001",1175560,"CA","N","Auburn, City of"
"06000000076",3607353,"CA","Y","Concord, City of"
"06023029001",3378890,"CA","Y","Salinas, City of"
"06003029002",1175397,"CA","Y","Salinas, City of"
"06005234001",1238821,"CA","N","LINCOLN, CITY OF"
"06005285001",1238823,"CA","N","Shasta County Service Area No. 17"
"06007011001",1238829,"CA","N","HEBER Public Utilities District"
"06028009001",425890,"CA","","SAN BERNARDINO, COUNTY OF"
"06028004001",457939,"CA","N","SAN BERNARDINO, COUNTY OF"
"06001038001",1175204,"CA","Y","BODEGA BAY PUBLIC UTILITY DISTRICT"
"06003030001",1175398,"CA","Y","Cambria Community Service District"
"06003036001",1175401,"CA","Y","San Simeon Acres Sanitary District"
"06022109001",3490190,"CA","Y","City of Livermore, Public Services Department"
"06005243001",1175729,"CA","Y","QUINCY COMMUNITY SERVICES DISTRICT"
"06001001001",1175167,"CA","Y","TULELAKE, CITY OF"
"06001002001",1175168,"CA","Y","MONTAGUE, CITY OF"
"06001003001",1175169,"CA","Y","WEAVERVILLE SAN DIST"
"06001007001",1175174,"CA","Y","BLUE LAKE, CITY OF"
"06001008001",1175175,"CA","Y","FERNDALE, CITY OF"
"06000000211",3610284,"CA","Y","FERNDALE, CITY OF"
"06012001081",3088272,"CA","Y","City of San Clemente"
"06005054001",1175573,"CA","N","Galt, City of"
"06005062001",1175583,"CA","N","LODI CITY"
"06005064001",1175585,"CA","Y","City of Merced"
"06005065001",1175586,"CA","N","Modesto, City of"
"06000000077",3607381,"CA","Y","Camarillo Sanitary District"
"06004029001",1175514,"CA","Y","Camarillo Sanitary District"
"06000000078",3607384,"CA","Y","Torrance, City of"
"06005241001",1175728,"CA","Y","ARBUCKLE PUBLIC UTILITY DISTRICT"
"06004008010",1175469,"CA","Y","L.A. County Department of Public Works"
"06003083001",1175446,"CA","Y","TRES PINOS CO. WATER DISTRICT"
"06025266001",3233652,"CA","Y","BIOLA COMMUNITY SERVICES DISTRICT"
"06000000065",3606861,"CA","","Modesto, City"
"06000000066",3606862,"CA","","Modesto, City"
"06005065001",1175586,"CA","N","Modesto, City"
"06002025001",1175283,"CA","N","Central Contra Costa Sanitary District"
"06002029001",1175287,"CA","","East Bay Dischargers Authority"
"06002032002",1175288,"CA","","SAN FRANCISCO P.U.C."
"06002032003",1175289,"CA","","SAN FRANCISCO P.U.C."
"06001008001",1175175,"CA","N","FERNDALE, CITY OF WWTF"
"06001011001",1175181,"CA","N","Fortuna, City of"
"06001020001",1175189,"CA","N","Rio Dell, City of"
"06001028001",1175196,"CA","N","FORT BRAGG WWTF"
"06001041001",1175206,"CA","N","CRESCENT CITY"
"06001049001",1175215,"CA","N","Mendocino County Water Works District No. 2"
"06001070001",1175229,"CA","N","Mendocino City CSD WWTF"
"06029041001",3138044,"CA","","CITY OF OCEANSIDE"
"06001096001",1175243,"CA","Y","Geyserville Sanitation Zone"
"06002069001",1175329,"CA","Y","SONOMA COUNTY WATER AGENCY"
"06001026001",1175194,"CA","Y","Happy Camp Sanitary District"
"06002060003",1175317,"CA","Y","North Marin County Water District"
"06003026001",1175393,"CA","Y","Pajaro County Sanitation District"
"06004014001",1175501,"CA","Y","Ventura County Waterworks Dist. No.16"
"06004020001",1175507,"CA","Y","Ventura County Waterworks Dist. No.16"
"06006010001",1175863,"CA","Y","Mammoth Community Water District"
"06006028002",3349051,"CA","Y","Leavitt Lake Community Service District"
"06005227002",3520617,"CA","","CITY OF ROSEVILLE"
"06005088002",1175609,"CA","N","Sewerage Commission Oroville Region"
"06005098001",1175618,"CA","N","Redding, City of"
"06005099001",1175619,"CA","N","JACKSON, CITY OF"
"06003004001",1175375,"CA","N","SAN LUIS OBISPO CITY"
"06008020001",1175973,"CA","Y","Corona, City of"
"06005227002",3520617,"CA","","ROSEVILLE CITY, PLEASANT GROVE"
"06002054001",3486530,"CA","N","CITY OF AMERICAN CANYON"
"06012001032",2856163,"CA","Y","El Cerrito, City of - NPS"
"06002175001",3224310,"CA","Y","ALAMEDA, CITY OF"
"06022175001",3225490,"CA","Y","ALAMEDA, CITY OF"
"06008020003",3518636,"CA","","Corona, City of"
"06000000080",3607474,"CA","Y","San Jose, City of"
"06022041002",470876,"CA","Y","San Jose, City of"
"06002041001",1175299,"CA","Y","San Jose, City of"
"06004009001",1175477,"CA","Y","Los Angeles County Sanitation Districts"
"06004009010",1175486,"CA","Y","Los Angeles County Sanitation Districts"
"06004009009",1175485,"CA","Y","Los Angeles County Sanitation Districts"
"06004009003",1175479,"CA","Y","Los Angeles County Sanitation Districts"
"06004009005",1175481,"CA","Y","Los Angeles County Sanitation Districts"
"06004009008",1175484,"CA","Y","Los Angeles County Sanitation Districts"
"06004009006",1175482,"CA","Y","Los Angeles County Sanitation Districts"
"06004009014",3482611,"CA","Y","Los Angeles County Sanitation Districts"
"06004009007",1175483,"CA","Y","Los Angeles County Sanitation Districts"
"06008022002",1175977,"CA","Y","Orange County Sanitation District"
"06008023011",2944164,"CA","","Orange County Sanitation District"
"06008023002",2945322,"CA","Y","Orange County Sanitation District"
"06008023003",2945422,"CA","Y","Orange County Sanitation District"
"06008023014",2944225,"CA","Y","Orange County Sanitation District"
"06008023005",2942682,"CA","Y","Orange County Sanitation District"
"06008038001",1175992,"CA","Y","Orange County Sanitation District"
"06008023006",2942689,"CA","Y","Orange County Sanitation District"
"06008023001",2942642,"CA","Y","Orange County Sanitation District"
"06008022001",1175976,"CA","Y","Orange County Sanitation District"
"06002046001",1175306,"CA","Y","CITY OF SOUTH SAN FRANCISCO"
"06025121001",2860055,"CA","Y","CITY OF SUTTER CREEK"
"06001055001",1175221,"CA","Y","Humboldt County Resort Improvement District No. 1"
"06004009002",1175478,"CA","Y","Los Angeles County Sanitation Districts"
"06004009004",1175480,"CA","Y","Los Angeles County Sanitation Districts"
"06002008001",1175269,"CA","","SUNNYVALE CITY"
"06002012001",1175273,"CA","N","CITY OF PALO ALTO"
"06002023001",1175281,"CA","N","DELTA DIABLO SANITATION DIST."
"06002024001",1175282,"CA","","Mt View Sanitary District"
"06002025001",1175283,"CA","N","Central Contra Costa Sanitary District"
"06002034002",1175292,"CA","N","C & H SUGAR"
"06008020003",3518636,"CA","Y","Corona, City of"
"06004040001",1175518,"CA","Y","Walnut Valley Water District"
"06005030001",1175552,"CA","Y","Madera County Servece Area No. 3"
"06005109001",1175641,"CA","Y","Tuolumne Utilities District"
"06005147001",1175667,"CA","Y","Midway Community Services District"
"06005148001",1175668,"CA","Y","Mono Village Water District"
"06005288001",1175751,"CA","Y","East Niles Community Services District"
"06005076001",1175594,"CA","Y","Tulare County Resource Management Agency"
"06005349001",1175784,"CA","Y","Tulare County Resource Management Agency"
"06005490001",1175810,"CA","Y","Amador Regional Sanitation Authority"
"06005693001",1175847,"CA","Y","Kern Sanitation Authority"
"06005009001",1175529,"CA","","Sacramento County Regional Sanitation District"
"06005122002",1175653,"CA","Y","Sacramento Department of Utilities"
"06005682001",1175846,"CA","Y","Nevada County Sanitation District No. 1"
"06005681001",1175845,"CA","Y","Nevada County Sanitation District No. 1"
"06005669001",1175844,"CA","Y","Nevada County Sanitation District No. 1"
"06006007001",1175860,"CA","Y","North Tahoe Public Utility District"
"06006018001",1175873,"CA","Y","Alpine Springs County Water District"
"06002174001",3008943,"CA","Y","ALBANY, CITY OF"
"06022174001",3009462,"CA","Y","ALBANY, CITY OF"
"06005283001",3106372,"CA","Y","HIDDEN VALLEY LAKE CSD"
"06025373001",3141043,"CA","Y","City of Stockton, MUD"
"06002019001",1175278,"CA","Y","SANTA CLARA, CITY OF"
"06022041001",3145304,"CA","Y","SANTA CLARA, CITY OF"
"06005239001",1175726,"CA","Y","Antioch, City of"
"06000000095",3607863,"CA","Y","Antioch, City of"
"06000000096",3607867,"CA","Y","Manhattan Beach, City of"
"06000000097",3607868,"CA","Y","Manhattan Beach, City of"
"06008010005",3486593,"CA","Y","Inland Empire Utilities Agency"
"06008010001",1175959,"CA","Y","Inland Empire Utilities Agency"
"06008010006",3486596,"CA","Y","Inland Empire Utilities Agency"
"06008010003",1175961,"CA","Y","Inland Empire Utilities Agency"
"06008010004",3486590,"CA","Y","Inland Empire Utilities Agency"
"06000000091",3607829,"CA","Y","Pacifica, City of"
"06000000094",3607861,"CA","Y","Pacifica, City of"
"06000000092",3607832,"CA","Y","Beverly Hills, City of"
"06000000093",3607833,"CA","Y","Beverly Hills, City of"
"06003017001",1238812,"CA","Y","Carmel Area Wastewater District"
"06002054001",3486530,"CA","N","AMERICAN CANYON CITY"
"06005227001",1238820,"CA","","ROSEVILLE CITY"
"06002063001",1175322,"CA","Y","Marin Co. Sanitary District #5"
"06005649001",1175839,"CA","Y","South Placer Municipal Utility District"
"06001006001",1175172,"CA","Y","Humboldt Community Services District"
"06002021001",1175279,"CA","Y","Contra Costra Public Works Department"
"06001691001",1175260,"CA","Y","Palmer Creek Community Services District"
"06002017001",1175276,"CA","Y","Granada Sanitary District"
"06002058001",1175315,"CA","Y","Sewer Authority Mid-Coastside"
"06002026001",1175284,"CA","Y","Concord, City of"
"06003012001",1175381,"CA","Y","Monterey One Water"
"06002090001",3521216,"CA","Y","Ironhouse Sanitary District"
"06008010009",410658,"CA","Y","Chino Hills"
"06000000212",3610370,"CA","Y","Chino Hills"
"06000000114",3608100,"CA","Y","East Bay Municipal Utility District"
"06000000116",3608102,"CA","Y","East Bay Municipal Utility District"
"06000000115",3608101,"CA","Y","East Bay Municipal Utility District"
"06002049001",1175309,"CA","Y","Montara Sanitary District"
"06008068001",1176014,"CA","Y","Anaheim, City of"
"06008045001",1175999,"CA","Y","Brea, City of"
"06008067001",1176013,"CA","Y","Buena Park, City of"
"06008078001",1176024,"CA","Y","Costa Mesa, City of"
"06008044001",1175998,"CA","Y","Cypress, City of"
"06000000213",3610443,"CA","Y","Cypress, City of"
"06002023001",1175281,"CA","Y","Delta Diablo Sanitation District"
"06002022001",1175280,"CA","Y","Delta Diablo Sanitation District"
"06002079001",3480210,"CA","Y","Half Moon Bay, City of"
"06002026001",1175284,"CA","","Concord, City of"
"06005216001",1175710,"CA","","Placer Co. Department of Facility Services"
"06005139001",1175660,"CA","Y","Placer Co. Department of Facility Services"
"06007023001",1175931,"CA","Y","Imperial Community Colleges District"
"06025053001",3154588,"CA","Y","Fresno Metropolitan Flood Control District"
"06008016003",1175969,"CA","Y","WESTERN MUNICIPAL WATER DISTRICT"
"06009041002",1176080,"CA","Y","Oceanside, City of"
"06009041001",1176079,"CA","Y","Oceanside, City of"
"06029041001",3138044,"CA","Y","Oceanside, City of"
"06022032001",3217908,"CA","","SAN FRANCISCO P.U.C."
"06006065001",1175901,"CA","Y","Claremont, City of"
"06000000139",3608621,"CA","Y","Claremont, City of"
"06022003001",2844566,"CA","Y","TOWN OF SAN ANSELMO"
"06009074002",3334975,"CA","","Santa Margarita Water District (SMWD)"
"06000000082",3607552,"CA","Y","Coachella Valley Water District"
"06000000081",3607551,"CA","Y","Coachella Valley Water District"
"06000000083",3607553,"CA","Y","Coachella Valley Water District"
"06000000084",3607554,"CA","Y","Coachella Valley Water District"
"06002032003",1175289,"CA","Y","San Francisco Public Utilities Commission"
"06000203200",3509698,"CA","Y","San Francisco Public Utilities Commission"
"06002032005",443709,"CA","Y","San Francisco Public Utilities Commission"
"06002032004",442052,"CA","Y","San Francisco Public Utilities Commission"
"06002032002",1175288,"CA","Y","San Francisco Public Utilities Commission"
"06022032001",3217908,"CA","Y","San Francisco Public Utilities Commission"
"06009005001",1176036,"CA","Y","El Cajon, City of, PWD"
"06000000194",3609471,"CA","Y","El Cajon, City of, PWD"
"06009007001",1176038,"CA","Y","Chula Vista, City of"
"06005033001",1238815,"CA","Y","WILLIAMS, CITY OF"
"06005294001",3478111,"CA","Y","Grizzly Lake Resort Improvement District"
"06005019004",395847,"CA","Y","Lathrop, City of"
"06025019002",3534816,"CA","Y","Lathrop, City of"
"06005019002",3478130,"CA","Y","Lathrop, City of"
"06005607001",1175831,"CA","Y","Poplar Community Services District"
"06002166001",1175369,"CA","Y","SAN FRANCISCO, CITY & COUNTY OF"
"06001050001",1175216,"CA","Y","Calpella County Water District"
"06004029001",1175514,"CA","","CAMARILLO SANITARY DISTRICT"
"06002157001",1175367,"CA","Y","Foster City, City of"
"06000000221",3610640,"CA","Y","Foster City, City of"
"06003020001",1175387,"CA","Y","Freedom County Sanitation District"
"06008021001",1175975,"CA","Y","Ontario, City of"
"06005098002",3479031,"CA","Y","REDDING, CITY OF"
"06005098001",1175618,"CA","Y","REDDING, CITY OF"
"06005105001",1175637,"CA","Y","TRACY, CITY OF"
"06005106001",1175638,"CA","Y","ATWATER      ,CITYOF"
"06005108001",1175640,"CA","Y","HUGHSON, CITY OF"
"06005112001",1175643,"CA","Y","IONE, CITY OF"
"06005121001",1175652,"CA","Y","SUTTER CREEK, CITY OF"
"06005123001",1175654,"CA","Y","KETTLEMAN CITY CSA 1"
"06005124001",1175655,"CA","Y","WESTWOOD COM SERV DIST"
"06000000135",3608519,"CA","Y","PATTERSON, CITY OF"
"06005126001",1175657,"CA","Y","PATTERSON, CITY OF"
"06005142001",1175663,"CA","Y","ARVIN CSD"
"06005143001",1175664,"CA","Y","DELHI COUNTY WATER DISTRI"
"06005145001",1175665,"CA","Y","LAKEPORT, CITY OF"
"06005158001",1175676,"CA","Y","ESCALON, CITY OF"
"06005159001",1175677,"CA","Y","GROVELAND CSD"
"06005160001",1175678,"CA","Y","JAMESTOWN SD"
"06005161001",1175679,"CA","Y","MARIPOSA P.U.D."
"06005169001",1175684,"CA","Y","KNIGHTS LAND COMM SVC DI"
"06005177001",1175687,"CA","Y","DINUBA, CITY OF"
"06005178001",1175688,"CA","Y","EXETER, CITY OF"
"06005184001",1175693,"CA","Y","VACAVILLE, CITY OF"
"06005185001",1175694,"CA","Y","RAYMUS VILLAGE MAINT DIST"
"06005186001",1175695,"CA","Y","SALIDA SAN. DIST."
"06009011001",1176042,"CA","Y","ENCINA WASTEWATER AUTHORITY"
"06022033001",3163051,"CA","Y","NAPA COUNTY"
"06008001001",1175945,"CA","Y","Riverside, City of"
"06008006006",1175954,"CA","","EASTERN MUN WATER DIST"
"06008085001",1176028,"CA","","EASTERN MWD"
"06028009001",425890,"CA","Y","CHINO, CITY OF"
"06008009001",1175958,"CA","Y","CHINO, CITY OF"
"06008012001",1175963,"CA","Y","BEAUMONT, CITY OF"
"06005077001",1175595,"CA","","TURLOCK, CITY OF"
"06005059001",1175578,"CA","Y","TURLOCK, CITY OF"
"06005044001",1175564,"CA","Y","TURLOCK, CITY OF"
"06005045001",1175565,"CA","Y","DONNER SUMMIT PUD"
"06005046001",1175566,"CA","Y","DOS PALOS, CITY OF"
"06005047001",1175567,"CA","Y","EARLIMART PUD"
"06005053001",1175571,"CA","Y","FRESNO, CITY OF"
"06000000123",3608282,"CA","Y","FRESNO, CITY OF"
"06005055001",1175574,"CA","Y","GRAYSON COMM SERV DIST"
"06005057001",1175576,"CA","Y","ISLETON, CITY OF"
"06005060003",1175581,"CA","Y","LAKE CO. SD(A.D.#7)"
"06005060004",1175582,"CA","Y","LAKE CO. S.D."
"06005668001",1175843,"CA","Y","Calaveras County Water District"
"06005082007",1175602,"CA","Y","Calaveras County Water District"
"06005082021",3489196,"CA","Y","Calaveras County Water District"
"06005082001",1238818,"CA","Y","Calaveras County Water District"
"06005082003",1175600,"CA","Y","Calaveras County Water District"
"06005082002",1175599,"CA","Y","Calaveras County Water District"
"06004005003",1175460,"CA","Y","Crescenta Valley Water District"
"06004013001",1175500,"CA","Y","Triunfo Sanitation District"
"06005025003",1175547,"CA","Y","Stockton Metropolitan Airport"
"06009035001",1176074,"CA","Y","Vista, City of"
"06000000101",3607883,"CA","Y","Encinitas, City of"
"06009047001",1176085,"CA","Y","Encinitas, City of"
"06009023001",1176055,"CA","Y","Lemon Grove, City of"
"06009049001",1176086,"CA","Y","Imperial Beach, City of"
"06000000142",3608724,"CA","Y","Laguna Beach, City of"
"06009033001",1176072,"CA","Y","Laguna Beach, City of"
"06002123001",1175357,"CA","Y","San Francisco International Airport"
"06009025001",1176057,"CA","Y","San Diego Co. Public Works Department"
"06006013001",1175866,"CA","Y","Lake Arrowhead CSD"
"06005308001",1175759,"CA","Y","Laton Community Services District"
"06008035001",1175990,"CA","Y","Lake Hemet Municipal Water District"
"06001016001",1175185,"CA","Y","Miranda Community Services District"
"06009053001",1176088,"CA","Y","Pauma Valley Community Services District"
"06001070001",1175229,"CA","Y","Mendocino City Community Services District"
"06005080001",1238817,"CA","Y","Waterford Community Services District"
"06006021001",1175876,"CA","Y","Crestline Sanitation District"
"06005187001",1175696,"CA","Y","Angels Camp, City of"
"06001024001",1175192,"CA","Y","Del Norte County Service Area No. 2"
"06001030001",1175198,"CA","Y","South Park County Sanitation District"
"06002030001",1238810,"CA","Y","RICHMOND, CITY OF"
"06003017001",1238812,"CA","","CARMEL SAN DIST"
"06005011001",1175532,"CA","Y","CHICO, CITYOF"
"06002122001",1175356,"CA","","SAN CARLOS, CITY OF"
"06003019001",1175386,"CA","Y","Chualar County Service Area 75"
"06022092001",2937482,"CA","Y","TOWN OF FAIRFAX"
"06005197001",1175701,"CA","Y","MADERA, CITY OF"
"06005200001",1175704,"CA","Y","NEVADA CITY     ,CITYOF"
"06005204001",1175707,"CA","Y","DUNSMUIR, CITY OF"
"06009036001",1176075,"CA","N","PADRE DAM MWD"
"06009041001",1176079,"CA","","OCEANSIDE,CITY OF,WTR UTIL DEP"
"06009041002",1176080,"CA","","OCEANSIDE,CITY OF,WTR UTIL DEP"
"06001008001",1175175,"CA","N","FERNDALE CITY"
"06001011001",1175181,"CA","N","FORTUNA CITY WWTP"
"06001020001",1175189,"CA","N","RIO DELL CITY"
"06001028001",1175196,"CA","N","FORT BRAGG CITY"
"06000000134",3608500,"CA","Y","Windsor, Town of"
"06001036001",1175202,"CA","","Windsor, Town of"
"06001041001",1175206,"CA","N","CRESCENT CITY CITY"
"06001049001",1175215,"CA","N","MENDO CO WWD #2 ANCHOR BAY"
"06002082001",1175340,"CA","Y","BENICIA, CITY OF"
"06002092001",1175344,"CA","Y","BOLINAS COMM PUD"
"06002107001",1175346,"CA","Y","HERCULES, CITY OF"
"06002108001",1175347,"CA","Y","Las Gallinas Valley Sanitary District"
"06002109001",1175348,"CA","Y","LIVERMORE, CITY OF"
"06002121001",1175355,"CA","Y","PLEASANTON, CITY OF"
"06002151001",1175363,"CA","Y","ALMONTE SANITARY DISTRICT"
"06002152001",1175364,"CA","Y","ALTO SANITARY DISTRICT"
"06002155001",1175365,"CA","Y","SO.MARIN SUBREG SEW.AGENC"
"06003002001",1175373,"CA","Y","SANTA YNEZ CSD"
"06003005001",1175376,"CA","Y","ATASCADERO CSD"
"06003008001",1175377,"CA","Y","SCOTTS VALLEY, CITY OF"
"06003010001",1175379,"CA","Y","SANTA CRUZ, CITY OF"
"06003018001",1175385,"CA","Y","CASTROVILLE COUNTY S D"
"06003021001",1175388,"CA","Y","GOLETA SANITARY DISTRICT"
"06003028001",1175395,"CA","Y","PISMO BEACH, CITY OF"
"06003037001",1175402,"CA","Y","Santa Barbara, City of"
"06000000185",3609289,"CA","Y","Santa Barbara, City of"
"06003040001",1175407,"CA","Y","SANTA MARIA, CITY OF"
"06003041001",1175408,"CA","Y","SOLVANG, CITY OF"
"06003044001",1175412,"CA","Y","WATSONVILLE, CITY OF"
"06008015001",1175965,"CA","","Jurupa Community Services District"
"06008018001",1175971,"CA","Y","UPLAND, CITY OF"
"06008020001",1175973,"CA","","CORONA, CITY OF"
"06008020002",1175974,"CA","Y","CORONA, CITY OF"
"06008024001",1175978,"CA","Y","COLTON      ,CITYOF"
"06008026001",1175981,"CA","Y","RUBIDOUX CSD"
"06008039001",1175993,"CA","Y","CHINO BASIN MWD"
"06008052001",1176004,"CA","Y","RIALTO, CITY OF"
"06008100001",1176031,"CA","Y","EL TORO WATER DISTRICT"
"06009018001",1176049,"CA","Y","SOLANA BEACH, CITY OF"
"06009032001",1176070,"CA","","ESCONDIDO, CITY OF"
"06009038001",1176076,"CA","Y","SAN CLEMENTE, CITY OF"
"06009041001",1176079,"CA","","OCEANSIDE, CITY OF"
"06009041002",1176080,"CA","","OCEANSIDE, CITY OF"
"06009043001",1176082,"CA","Y","CARLSBAD, CITY OF"
"06000000209",3610185,"CA","Y","CARLSBAD, CITY OF"
"06009046001",1176084,"CA","Y","Del Mar, City of"
"06029046001",415588,"CA","Y","Del Mar, City of"
"06009050001",1176087,"CA","Y","National City, City of"
"06009058001",1176089,"CA","Y","RANCHO DEL CAMPO CSD"
"06009068002",1176092,"CA","Y","PALA INDIAN RESERVATION"
"06009074001",1176093,"CA","","SANTA MARGARITA WATER DIS"
"06009077001",1176096,"CA","Y","Moulton Niguel Water District"
"06009075001",1176094,"CA","Y","Moulton Niguel Water District"
"06005232001",1175720,"CA","Y","SHASTA LAKE CITY"
"06005243001",1175729,"CA","N","QUINCY CSD"
"06005245002",1175731,"CA","N","CORNING CITY"
"06005249001",1175733,"CA","N","EL DORADO IRRIGATION DISTRICT"
"06005249003",1175735,"CA","N","EL DORADO IRRIGATION DISTRICT"
"06005368001",1175795,"CA","N","RED BLUFF CITY"
"06005682001",1175846,"CA","N","COUNTY OF NEVADA SANITATION DI"
"06005421001",1175804,"CA","N","COUNTY OF NEVADA SANITATION DI"
"06005681001",1175845,"CA","N","NEVADA CO SD #1"
"06005783001",1175853,"CA","N","STALLION SPRINGS CSD"
"06006002001",1175855,"CA","N","SUSANVILLE CSD"
"06007007001",1175913,"CA","N","CALIPATRIA CITY"
"06007013001",1175921,"CA","N","HOLTVILLE CITY"
"06007014001",1175922,"CA","N","IMPERIAL CITY"
"06025061001",2888833,"CA","Y","BRENTWOOD, CITY OF"
"06005094001",1238819,"CA","Y","PLYMOUTH, CITY OF"
"06005227001",1238820,"CA","","ROSEVILLE, CITY OF"
"06005234001",1238821,"CA","Y","LINCOLN, CITY OF"
"06007011001",1238829,"CA","Y","HEBER PUD"
"06005322001",1175769,"CA","Y","MURPHYS SANITARY DISTRICT"
"06005018001",1175539,"CA","Y","CITY OF PORTOLA"
"06023029001",3378890,"CA","","SALINAS, CITYOF"
"06005063001",1175584,"CA","Y","MAXWELL PUD"
"06001070001",1175229,"CA","N","MENDOCINO CITY CSD"
"06001036001",1175202,"CA","Y","Windsor, Town of"
"06005074001",1175592,"CA","Y","Snelling Community Services District"
"06005162001",1175680,"CA","Y","San Andreas Sanitary District"
"06005296001",3408470,"CA","Y","PLUMAS EUREKA CSD"
"06008047001",1176001,"CA","Y","Arrowbear Park County Water District"
"06009008001",1176039,"CA","Y","Alpine Sanitation District"
"06009009001",1176040,"CA","Y","Buena Sanitation District"
"06009013001",1176044,"CA","Y","Lakeside Sanitation District"
"06009021001",1176053,"CA","Y","Winter Gardens Sewer Maintenance District"
"06009026005",1176061,"CA","Y","Rainbow Municipal Water District"
"06005099001",1175619,"CA","Y","Jackson, City of"
"06005360001",1238827,"CA","Y","Woodville Public Utility District"
"06008017001",1175970,"CA","Y","Grand Terrace, City of"
"06006002001",1175855,"CA","Y","Susanville Consolidated Sanitary District"
"06005125001",1175656,"CA","Y","MARYSVILLE, CITYOF"
"06003016001",1175384,"CA","Y","Buellton, City of"
"06005367001",1175794,"CA","Y","Malaga County Water District"
"06000000217",3610538,"CA","Y","Ceres, City of"
"06005107001",1175639,"CA","Y","Ceres, City of"
"06000000214",3610513,"CA","Y","Ceres, City of"
"06008027001",1175982,"CA","Y","Running Springs Water District"
"06002034001",1175291,"CA","Y","Crockett-Valona Sanitary District"
"06002091001",1175343,"CA","Y","BELMONT, CITY OF"
"06000000136",3608525,"CA","Y","BELMONT, CITY OF"
"06005068001",1175588,"CA","Y","RIVERBANK, CITY OF"
"06005078001",1175596,"CA","Y","VISALIA, CITY OF"
"06005079001",1175597,"CA","Y","WASCO PUD"
"06005081001",1175598,"CA","Y","YUBA CITY, CITY OF"
"06005082004",1175601,"CA","Y","Calaveras County Water District"
"06005082020",1175605,"CA","Y","Calaveras County Water District"
"06005082016",1175604,"CA","Y","Calaveras County Water District"
"06005097001",1175617,"CA","Y","MADERA CO MAINT-DIST 22A"
"06000000191",3609403,"CA","Y","Santa Monica, City of"
"06012001109",3120262,"CA","Y","Richgrove Community Services District"
"06005118001",1175649,"CA","Y","Richgrove Community Services District"
"06012001110",3121108,"CA","Y","Earlimart Public Utilities District"
"06003081001",1175445,"CA","","SOUTH SAN LUIS OBISPO CO SD"
"06004002001",1175457,"CA","N","OJAI VALLEY SANITARY DISTRICT"
"06004003001",1175458,"CA","","SIMI VALLEY WATER QAULITY CONT"
"06025023002",2875505,"CA","Y","ANDERSON, CITY OF"
"06005023002",1175544,"CA","Y","ANDERSON, CITY OF"
"06001092001",2875821,"CA","Y","SEA RANCH SANITATION ZONE"
"06007019001",1175928,"CA","N","WESTMORLAND CITY"
"06005146001",1175666,"CA","Y","Manteca, City of"
"06002008001",1175269,"CA","","SUNNYVALE CITY"
"06002011001",1175272,"CA","N","VEOLIA WATER NA"
"06002012001",1175273,"CA","N","PALO ALTO REGIONAL WATER QUALI"
"06002021001",1175279,"CA","N","CONTRA COSTA CO"
"06002023001",1175281,"CA","N","DELTA DIABLO SANITATION DIST."
"06002029001",1175287,"CA","","EAST BAY DISCHARGERS AUTHORITY"
"06002052001",1175310,"CA","","EAST BAY DISCHARGERS AUTHORITY"
"06000000089",3607790,"CA","Y","Orange County Water District"
"06001004001",1175170,"CA","Y","WESTPORT COUNTY WATER DISTRICT"
"06012001102",3119409,"CA","Y","City of Colton"
"06022032001",3217908,"CA","","CITY AND COUNTY OF SAN FRANCIS"
"06002032003",1175289,"CA","","CITY AND COUNTY OF SAN FRANCIS"
"06002034002",1175292,"CA","N","C & H SUGAR"
"06002036001",1175294,"CA","","EAST BAY MUNICIPAL UTILITY DIS"
"06002038001",1175296,"CA","","FAIRFIELD-SUISUN SEWER DISTRCT"
"06002039001",1175297,"CA","","MILLBRAE CITY (WPCP)"
"06002040001",1175298,"CA","N","NORTH SAN MATEO COUNTY SD"
"06002041001",1175299,"CA","","SAN JOSE/SANTA CLARA WPCP"
"06002046001",1175306,"CA","N","SOUTH SAN FRANCISCO STP"
"06002047001",1175307,"CA","","VALLEJO SAN AND FLOOD CONT DIS"
"06002030001",1238810,"CA","N","WEST COUNTY AGENCY"
"06002053001",1175311,"CA","N","DUNAWEAL WWTRP"
"06004010002",1175492,"CA","N","LOS ANGELES CITY"
"06004010001",1175491,"CA","","LOS ANGELES CITY"
"06007025001",1175933,"CA","N","COACHELLA SANITARY DISTRICT"
"06007029001",1175936,"CA","N","VALLEY SANITARY DISTRICT"
"06008001001",1175945,"CA","","RIVERSIDE CITY"
"06008085001",1176028,"CA","","EASTERN MWD"
"06008006002",1175951,"CA","","EASTERN MWD"
"06008006006",1175954,"CA","","EASTERN MWD"
"06008006001",1175950,"CA","","EASTERN MWD"
"06008010005",3486593,"CA","","INLAND EMPIRE UTILITIES AGENCY"
"06008010004",3486590,"CA","","INLAND EMPIRE UTILITIES AGENCY"
"06008010001",1175959,"CA","","INLAND EMPIRE UTILITIES AGENCY"
"06008010006",3486596,"CA","","INLAND EMPIRE UTILITIES AGENCY"
"06006001003",3483576,"CA","Y","San Bernardino Co., Special Districts Department"
"06006001002",3483573,"CA","Y","San Bernardino Co., Special Districts Department"
"06006001004",3483670,"CA","Y","San Bernardino Co., Special Districts Department"
"06006001001",1175854,"CA","Y","San Bernardino Co., Special Districts Department"
"06006033001",1175886,"CA","Y","San Bernardino County, Spec. Districts Department"
"06008080001",1176025,"CA","Y","San Bernardino County, Spec. Districts Department"
"06005155001",1175673,"CA","Y","Kern County Waste Management Department"
"06006020001",1175875,"CA","Y","Truckee Sanitary District"
"06005421001",1175804,"CA","Y","Truckee Sanitary District"
"06005229001",1175718,"CA","Y","Daphnedale Community Services District"
"06005239001",1175726,"CA","","City of Antioch, Community Development Department"
"06009012001",1176043,"CA","Y","Julian Sanitation District"
"06002069001",1175329,"CA","N","SONOMA COUNTY WATER AGENCY - S"
"06002074001",1175336,"CA","N","ST. HELENA CITY"
"06002082001",1175340,"CA","N","BENICIA CITY"
"06002050002",3514039,"CA","Y","BENICIA CITY"
"06002084001",1175341,"CA","","STEGE SANITARY DISTRICT"
"06002118001",1175353,"CA","N","PETALUMA CITY"
"06003004001",1175375,"CA","N","SAN LUIS OBISPO CITY"
"06003010001",1175379,"CA","N","SANTA CRUZ CITY DPW"
"06003014001",1175382,"CA","N","MORRO BAY & CAYUCOS SD"
"06003027001",1175394,"CA","N","PASO ROBLES CITY"
"06003028001",1175395,"CA","N","PISMO BEACH CITY"
"06003037001",1175402,"CA","","SANTA BARBARA CITY PWD"
"06003042001",1175409,"CA","N","SUMMERLAND SANITARY DISTRICT"
"06003044001",1175412,"CA","N","WATSONVILLE CITY"
"06008016003",1175969,"CA","N","WESTERN RIVERSIDE CO. RWA"
"06008100001",1176031,"CA","N","SOUTH ORANGE CO WW AUTHORITY"
"06009076001",1176095,"CA","N","SOUTH ORANGE CO WW AUTHORITY"
"06009004001",1176034,"CA","Y","FALLBROOK PUBLIC UTILITY DIST"
"06009011001",1176042,"CA","N","ENCINA WASTEWATER AUTHORITY"
"06009019001",1176050,"CA","N","SOCWA-SAN JUAN CREEK OCEAN O/F"
"06009028001",1176063,"CA","N","SAN ELIJO JOINT POWERS AUTH"
"06009031001",1176066,"CA","","SAN DIEGO CITY, MWWD"
"06009031004",1176069,"CA","","IBWC-US & MEXICO SECTION"
"06009032001",1176070,"CA","","ESCONDIDO CITY"
"06003047001",1175415,"CA","N","SAN JUAN BAUTISTA,  CITY OF"
"06003058001",1175426,"CA","N","AVILA BEACH CSD"
"06003061001",1175428,"CA","N","CARPINTERIA SD"
"06009006001",1176037,"CA","Y","South Orange County Wastewater Authority"
"06009019001",1176050,"CA","Y","South Orange County Wastewater Authority"
"06000000073",3607081,"CA","Y","South Orange County Wastewater Authority"
"06003063001",1175430,"CA","Y","HOLLISTER DOMESTIC PLANT"
"06004017001",1175504,"CA","Y","FILLMORE  WWTP"
"06001168001",3477030,"CA","Y","FORT JONES, TOWN OF"
"06003039003",1175406,"CA","Y","Santa Cruz Public Works Department"
"06003043001",1175410,"CA","Y","Templeton Community Services District"
"06003048001",1175416,"CA","Y","Pebble Beach Community Services District"
"06003066001",1175434,"CA","Y","Boronda County Sanitation District"
"06003062001",1175429,"CA","Y","Goleta West Sanitary District"
"06003069001",1175437,"CA","Y","Grover Beach, City of"
"06000000220",3610610,"CA","Y","Grover Beach, City of"
"06000000178",3609216,"CA","Y","Poway, City of"
"06000000177",3609215,"CA","Y","Poway, City of"
"06004004001",1175459,"CA","Y","Culver City, City of"
"06028004001",457939,"CA","N","SAN BERNARDINO, COUNTY OF/MS4"
"06003047001",1175415,"CA","Y","SAN JUAN BAUTISTA SD"
"06003053001",1175421,"CA","Y","MONTECITO SD"
"06003054002",1175423,"CA","Y","SAN LORENZO VALLEY CWP"
"06003058001",1175426,"CA","Y","AVILA BEACH CWD"
"06003070001",1175438,"CA","Y","GONZALES, CITY OF"
"06003072001",1175440,"CA","Y","GUADALUPE, CITY OF"
"06003075001",1175442,"CA","Y","MONTEREY, COUNTY OF"
"06003076001",1175443,"CA","Y","MORGAN HILL, CITY OF"
"06003080001",1175444,"CA","Y","SAN ARDO WATER DISTRICT"
"06003081001",1175445,"CA","","OCEANO COMM. S.D.    D"
"06003090001",1175449,"CA","Y","SANTA CLARA COUNTY"
"06003115001",1175455,"CA","Y","SUNNYSLOPE WATER DIST"
"06004001001",1175456,"CA","Y","GLENDALE, CITY OF"
"06008086001",3380875,"CA","","LEE LAKE WATER DISTRICT"
"06004003001",1175458,"CA","","Simi Valley, City of"
"06008043001",1175997,"CA","Y","Sunset Beach Sanitary District"
"06008075001",1176021,"CA","Y","Villa Park, City of"
"06008073001",1176019,"CA","Y","Yorba Linda, City of"
"06008077001",1176023,"CA","Y","Tustin, City of"
"06004032001",1175516,"CA","Y","BURBANK, CITY OF"
"06004059001",1175522,"CA","Y","PASADENA/GLENDALE JT POW"
"06005004001",1238814,"CA","Y","WOODLAND, CITY OF"
"06005006001",1175527,"CA","Y","MCFARLAND, CITY OF"
"06005010002",1175531,"CA","Y","BAKERSFIELD, CITY OF"
"06005010001",1175530,"CA","Y","BAKERSFIELD, CITY OF"
"06025011001",2830221,"CA","Y","CHICO      ,CITYOF"
"06005012001",1175534,"CA","Y","KERMAN, CITY OF"
"06005015001",1175537,"CA","Y","TULARE, CITY OF"
"06005021001",1175542,"CA","Y","WINTON SANITARY DISTRICT"
"06005025001",1175546,"CA","Y","STOCKTON, CITY OF"
"06000000141",3608717,"CA","Y","Los Banos, City of"
"06005026001",1175548,"CA","Y","Los Banos, City of"
"06005031001",1175553,"CA","Y","OLIVEHURST PUB UTIL DIST"
"06005035001",1175556,"CA","Y","WILLOWS, CITY OF"
"06005038001",1175558,"CA","Y","MADERA CO. SVC. AREA NO 2"
"06005039001",1175559,"CA","Y","LINDSAY, CITY OF"
"06005040001",1175560,"CA","Y","AUBURN, CITY OF"
"06005042003",1175562,"CA","Y","DELANO, CITY OF"
"06005774001",1175850,"CA","Y","SAN JOAQUIN MAINT. DIST."
"06006004001",1175857,"CA","","SOUTH TAHOE PUD"
"06000000143",3608762,"CA","Y","BARSTOW, CITY OF"
"06006005001",1175858,"CA","Y","BARSTOW, CITY OF"
"06006011001",1175864,"CA","Y","JUNE LAKE PUD"
"06006012001",1175865,"CA","Y","HILTON CREEK CSD"
"06006027001",1175883,"CA","Y","BRIDGEPORT PUD"
"06006031001",1175885,"CA","Y","DESERT LAKE CSD"
"06000000154",3608935,"CA","Y","RIDGECREST, CITY OF"
"06006049001",1175898,"CA","Y","MOJAVE PUD"
"06007002001",1175909,"CA","Y","EL CENTRO, CITY OF"
"06007003001",1175910,"CA","Y","PALM SPRINGS, CITY OF"
"06007005001",1175911,"CA","Y","CALEXICO, CITY OF"
"06007007001",1175913,"CA","Y","CALIPATRIA, CITY OF"
"06007010001",1175920,"CA","Y","BLYTHE, CITY OF"
"06007069001",1175944,"CA","Y","BLYTHE, CITY OF"
"06007013001",1175921,"CA","Y","HOLTVILLE, CITY OF"
"06007014001",1175922,"CA","Y","IMPERIAL, CITY OF"
"06007016001",1175924,"CA","Y","SALTON COMM SVCS DIST"
"06007018001",1175927,"CA","Y","SEELEY CWD"
"06007019001",1175928,"CA","Y","WESTMORLAND, CITY OF"
"06008004001",1175948,"CA","","San Bernardino Municipal Water Department"
"06008029001",1175985,"CA","Y","East Valley Water District"
"06008062001",1176010,"CA","","San Bernardino, City of"
"06006009001",1175862,"CA","Y","VIictor Valley Wastewater Reclamation Authority"
"06002044004",1175304,"CA","Y","Central Marin Sanitation Agency"
"06001045001",1175209,"CA","Y","SANTA ROSA, City"
"06001021001",1175190,"CA","Y","Sebastopol, City of"
"06001037001",1175203,"CA","Y","Rohnert Park, City of"
"06001062001",1175222,"CA","Y","Cotati, City of"
"06005027001",1175549,"CA","Y","FOLSOM, CITY OF, PWD"
"06005060001",1175579,"CA","Y","Lake Co. Public Works Department"
"06005146001",1175666,"CA","N","MANTECA CITY"
"06005162001",1175680,"CA","N","SAN ANDREAS SANITARY DIST."
"06005184001",1175693,"CA","N","VACAVILLE CITY"
"06005200001",1175704,"CA","N","NEVADA CITY CITY"
"06005205001",1175708,"CA","","DAVIS CITY"
"06007022001",1175930,"CA","Y","BRAWLEY, CITY OF"
"06007029001",1175936,"CA","Y","VALLEY SANITARY DIST"
"06007030001",1175937,"CA","Y","NEEDLES, CITY OF"
"06007032001",1175939,"CA","Y","BANNING, CITY OF"
"06007041001",1175940,"CA","Y","RIVERSIDE CO SER AREA 62"
"06004024001",1175511,"CA","Y","Camrosa Water District"
"06005071001",1175590,"CA","Y","Selma-Kingsburg-Fowler County SD"
"06003035001",1238813,"CA","Y","SAN MIGUEL CSD"
"06004011010",1175498,"CA","Y","Saticoy Sanitation District"
"06009028001",1176063,"CA","Y","San Elijo Joint Powers Authority"
"06005780001",1175851,"CA","Y","Lassen Co. Waterworks District #1"
"06005056001",1175575,"CA","Y","CITY OF HURON WWTF"
"06005114001",1175645,"CA","Y","BEAR VALLEY CSD"
"06005113001",1175644,"CA","Y","Del Rey Community Services District"
"06005249003",1175735,"CA","Y","EL DORADO IRRIGATION DISTRICT"
"06005551001",1175825,"CA","Y","EL DORADO IRRIGATION DISTRICT"
"06005249001",1175733,"CA","Y","EL DORADO IRRIGATION DISTRICT"
"06008033001",1175988,"CA","Y","IRVINE RANCH WATER DISTRICT"
"06002125001",1175358,"CA","","South Bayside System Authority"
"06005511004",3477631,"CA","Y","MARIPOSA COUNTY PWD"
"06005511002",1175815,"CA","Y","MARIPOSA COUNTY PWD"
"06005511003",3477617,"CA","Y","MARIPOSA COUNTY PWD"
"06005014001",1175536,"CA","Y","MARIPOSA COUNTY PWD"
"06009065001",2948926,"CA","Y","Valley Center Municipal Water District"
"06009039001",1176077,"CA","Y","VALLEY CENTER MWD"
"06001056001",3477690,"CA","Y","Lake Shastina Community Services District"
"06005058001",1175577,"CA","Y","Ivanhoe Public Utility District"
"06004007001",1175462,"CA","","THOUSAND OAKS, CITY OF"
"06024007001",474006,"CA","","THOUSAND OAKS, CITY OF"
"06005022001",1175543,"CA","Y","ORANGE COVE, CITY OF"
"06004002001",1175457,"CA","Y","OJAI VALLEY SANITARY DISTRICT"
"06008016001",1175967,"CA","","Norco, City of"
"06008003001",1175947,"CA","Y","San Jacinto, City of"
"06005085001",1175606,"CA","Y","Thermalito Water and Sewer District"
"06005102002",1175625,"CA","Y","Pleasant Ridge Union School District"
"06002001001",1175262,"CA","Y","Castro Valley Sanitary District"
"06000000180",3609248,"CA","Y","West Bay Sanitary District"
"06000000170",3609134,"CA","Y","West Bay Sanitary District"
"06002156001",1175366,"CA","Y","Tamalpais Community Services District"
"06002035001",1175293,"CA","Y","Cupertino Sanitary District"
"06005654001",1175840,"CA","Y","KERN, COUNTY OF"
"06002008001",1175269,"CA","","SUNNYVALE, CITY OF"
"06002009001",1175270,"CA","Y","BELVEDERE, CITY OF"
"06002027001",1175285,"CA","Y","SAN JOSE DPW"
"06002045001",1175305,"CA","Y","SAN JOSE DPW"
"06002028001",1175286,"CA","Y","SAN JOSE DPW"
"06002010001",1175271,"CA","Y","SAN JOSE DPW"
"06002011001",1175272,"CA","Y","BURLINGAME, CITY OF"
"06000000206",3609689,"CA","Y","BURLINGAME, CITY OF"
"06002012001",1175273,"CA","Y","Palo Alto, City of"
"06002015001",1175274,"CA","Y","SEWERAGE AGCY OF SO MARIN"
"06002024001",1175282,"CA","","MOUNTAIN VIEW SAN DIST"
"06002029001",1175287,"CA","","HAYWARD, CITY OF"
"06002034002",1175292,"CA","Y","CROCKETT-VALONA SD, C&H"
"06002036001",1175294,"CA","Y","East Bay Municipal Utility District"
"06022039001",3347694,"CA","Y","Millbrae, City of"
"06002039001",1175297,"CA","Y","Millbrae, City of"
"06005234001",1238821,"CA","N","LINCOLN CITY"
"06008072001",1176018,"CA","Y","Fountain Valley, City of"
"06000000222",3610650,"CA","Y","Fountain Valley, City of"
"06008065001",1176011,"CA","Y","Fullerton, City of"
"06000000223",3610714,"CA","Y","Fullerton, City of"
"06008058001",1176007,"CA","Y","Garden Grove, City of"
"06008014001",1175964,"CA","Y","Huntington Beach, City of"
"06008048001",1176002,"CA","Y","La Habra, City of"
"06008066001",1176012,"CA","Y","La Palma, City of"
"06008070001",1176016,"CA","Y","Rossmoor/Los Alamitos Area Sewer District"
"06008071001",1176017,"CA","Y","Midway City Sanitary District"
"06008002001",1175946,"CA","Y","Newport Beach, City of"
"06008076001",1176022,"CA","Y","Orange, City of"
"06000000227",3610913,"CA","Y","Orange, City of"
"06008074001",1176020,"CA","Y","Placentia, City of"
"06008060001",1176008,"CA","Y","Santa Ana, City of"
"06008036001",1175991,"CA","Y","Seal Beach, City of"
"06008069001",1176015,"CA","Y","Stanton, City of"
"06002037001",1175295,"CA","Y","North San Mateo County Sanitation District"
"06002044001",1175302,"CA","Y","San Rafael Sanitation District"
"06002057001",1175314,"CA","Y","West County Wastewater District"
"06002061001",1175320,"CA","Y","Guadalupe Valley Municipal Improvement District"
"06002077001",1175338,"CA","Y","Emerald Lake Heights Sewer Maintenance District"
"06002085001",1175342,"CA","Y","Homestead Valley Sanitary District"
"06002104001",1175345,"CA","Y","Estero Municipal Improvement District"
"06004016001",1175503,"CA","N","AVALON WWTF"
"06004022002",1175509,"CA","N","INLAND SANITARY DISTRICT"
"06005051001",1175570,"CA","Y","FRANKLIN COUNTY WATER DISTRICT"
"06002120001",1175354,"CA","Y","PINOLE/HERCULES"
"06005164001",1175682,"CA","Y","WOODBRIDGE SANITARY DISTRICT"
"06005340001",1175776,"CA","Y","Sierra Lakes County Water District"
"06002158001",3484151,"CA","Y","San Bruno, City of"
"06000000163",3609024,"CA","Y","San Bruno, City of"
"06002084001",1175341,"CA","Y","STEGE SANITARY DISTRICT"
"06002127001",1175359,"CA","Y","YOUNTVILLE, TOWN OF"
"06005062001",1175583,"CA","Y","LODI, CITY OF"
"06002018001",1175277,"CA","Y","CITY OF MILPITAS"
"06022018001",2838060,"CA","Y","CITY OF MILPITAS"
"06002032004",442052,"CA","","TREASURE ISLAND WWTP"
"06004026001",1175512,"CA","N","LAS VIRGENES MWD"
"06004027001",1175513,"CA","","Oxnard, City of"
"06000000117",3608103,"CA","Y","Oxnard, City of"
"06000000118",3608104,"CA","Y","Oxnard, City of"
"06004029001",1175514,"CA","","CAMARILLO SANITARY DISTRICT"
"06004032001",1175516,"CA","N","BURBANK WWRP"
"06008086001",3380875,"CA","","Lee Lake Water District"
"06005009001",1175529,"CA","","SACRAMENTO REGIONAL WWTP"
"06025011001",2830221,"CA","N","CHICO CITY"
"06005011001",1175532,"CA","N","CHICO CITY"
"06005024001",1175545,"CA","N","LIVE OAK CITY"
"06005025001",1175546,"CA","N","STOCKTON CITY"
"06005031001",1175553,"CA","N","OLIVEHURST PUD"
"06005040001",1175560,"CA","N","AUBURN CITY"
"06005041001",1175561,"CA","N","COLUSA CITY"
"06005045001",1175565,"CA","N","DONNER SUMMIT PUBLIC UTILITY"
"06005054001",1175573,"CA","Y","City of Galt"
"06000000225",3610792,"CA","Y","City of Galt"
"06000000065",3606861,"CA","Y","MODESTO CITY"
"06000000066",3606862,"CA","Y","MODESTO CITY"
"06005065001",1175586,"CA","Y","MODESTO CITY"
"06005088002",1175609,"CA","N","SEWER COMM - OROVILLE REGION"
"06005098002",3479031,"CA","N","REDDING CITY"
"06005098001",1175618,"CA","N","REDDING CITY"
"06000000167",3609122,"CA","Y","La Mesa, City of"
"06000000166",3609120,"CA","Y","La Mesa, City of"
"06000000181",3609275,"CA","Y","ADELANTO, CITY OF"
"06005227002",3520617,"CA","Y","Roseville, City of"
"06005227001",1238820,"CA","Y","Roseville, City of"
"06001065001",1175224,"CA","Y","Etna City of"
"06005279001",1238822,"CA","Y","CHESTER CSA"
"06000000309",3612938,"CA","Y","Markleeville PUD"
"06000000119",3608134,"CA","Y","Turlock, City of"
"06005077001",1175595,"CA","Y","Turlock, City of"
"06000000186",3609295,"CA","Y","San Pablo, City of"
"06005216001",1175710,"CA","Y","Placer Co. Department of Facility Services"
"06000000169",3609130,"CA","Y","San Francisco Estuary Partnership"
"06000000258",3611382,"CA","Y","Nevada County"
"06000000104",3607926,"CA","Y","Oakland, City of"
"06000000087",3607695,"CA","Y","Pinole, City of"
"06000000128",3608301,"CA","Y","Pinole, City of"
"06000000159",3609003,"CA","Y","CA State Water Board"
"06000000183",3609283,"CA","Y","Whittier, City of"
"06000000295",3612367,"CA","Y","Gridley, City of"
"06000000155",3608951,"CA","Y","Monterey Park, City of"
"06000000156",3608954,"CA","Y","Monterey Park, City of"
"06000000184",3609284,"CA","Y","Norwalk, City of"
"06000000190",3609351,"CA","Y","Morro Bay"
"06000000218",3610553,"CA","Y","Cloverdale, City of"
"06001035001",1175201,"CA","Y","Cloverdale, City of"
"06000000215",3610516,"CA","Y","Western Municipal Water District"
"06000000241",3611365,"CA","Y","Humboldt County"
"06000000298",3612631,"CA","Y","California"
"06000000299",3612632,"CA","Y","California"
"06003028001",1175395,"CA","","Chad Stoehr"
"06000000086",3607691,"CA","Y","Chad Stoehr"
"06000000157",3608995,"CA","Y","Gilroy, City"
"06000000158",3608996,"CA","Y","Gilroy, City"
"06000000148",3608849,"CA","Y","Alameda County"
"06002016001",1175275,"CA","Y","City of Redwood"
"06000000146",3608836,"CA","Y","City of Redwood"
"06000000147",3608839,"CA","Y","City of Redwood"
"06000000237",3611361,"CA","Y","Del Norte County"
"06000000290",3611459,"CA","Y","Madera Public Works"
"06000000254",3611378,"CA","Y","Modoc County"
"06000000226",3610894,"CA","Y","City of Fortuna"
"06000000168",3609128,"CA","Y","City of Alhambra"
"06000000304",3612733,"CA","Y","Gualala Community Services District (CSD)"
"06000000314",3613153,"CA","Y","Del Puerto, city of"
"06000000297",3612630,"CA","Y","California"
"06000000300",3612651,"CA","Y","Lake Berryessa Resort Improvement District"
"06000000302",3612659,"CA","Y","TEHAMA COUNTY SANITATION DISTRICT NO. 1"
"06000000249",3611373,"CA","Y","Madera County"
"06000000269",3611393,"CA","Y","San Luis Obispo County"
"06000000265",3611389,"CA","Y","San Bernardino County"
"06000000242",3611366,"CA","Y","Imperial County"
"06000000264",3611388,"CA","Y","San Benito County"
"06000000262",3611386,"CA","Y","Riverside County"
"06000000244",3611368,"CA","Y","Kern County"
"06001009001",1175176,"CA","Y","FORESTVILLE WWTF"
"06005061001",1238816,"CA","Y","City of Brentwood"
"06000000188",3609335,"CA","Y","Fairfield, City of"
"06000000099",3607878,"CA","Y","Dina Breitstein"
"06000000125",3608290,"CA","Y","Rancho California Water District"
"06000000132",3608439,"CA","Y","Rancho California Water District"
"06003050001",1175418,"CA","Y","City of Lompoc"
"06008004001",1175948,"CA","Y","San Bernardino Municipal Water Department"
"06008062001",1176010,"CA","Y","San Bernardino Municipal Water Department"
"06000000306",3612787,"CA","Y","Lake Oroville Public Utility District"
"06000000307",3612790,"CA","Y","Redlands, City of"
"06000000303",3612732,"CA","Y","Waterford, City of"
"06000000311",3613059,"CA","Y","Santa Paula, city of"
"06004012500",3531736,"CA","Y","City of Pasadena"
"06024012500",3532616,"CA","Y","City of Pasadena"
"06000000112",3608022,"CA","Y","Lancaster, City of"
"06000000113",3608023,"CA","Y","Lancaster, City of"
"06000000137",3608581,"CA","Y","Ridgecrest, City of"
"06000000308",3612879,"CA","Y","Central Basin Municipal Water District"
"06000000210",3610259,"CA","Y","Amador Water Agency"
"06002024001",1175282,"CA","Y","Mt. View Sanitary District"
"06000000149",3608850,"CA","Y","Cerritos, City of"
"06000000151",3608857,"CA","Y","Cerritos, City of"
"06000000200",3609584,"CA","Y","San Mateo, County of"
"06000000230",3611330,"CA","Y","City of Lodi"
"06000000126",3608299,"CA","Y","Rancho Palo Verdes, City of"
"06000000127",3608300,"CA","Y","Rancho Palo Verdes, City of"
"06000000276",3611400,"CA","Y","Siskiyou County"
"06000000274",3611398,"CA","Y","Shasta County"
"06000000245",3611369,"CA","Y","Kings County"
"06000000145",3608834,"CA","Y","Covina, City of"
"06000000162",3609020,"CA","Y","Redondo Beach, City of"
"06000000161",3609019,"CA","Y","Redondo Beach, City of"
"06000000199",3609569,"CA","Y","Santa Clara Valley Runoff Pollution Prevention"
"06000000102",3607908,"CA","Y","San Diego, City of"
"06009031002",1176067,"CA","Y","San Diego, City of"
"06029031001",402846,"CA","Y","San Diego, City of"
"06009031001",1176066,"CA","Y","San Diego, City of"
"06000000103",3607909,"CA","Y","San Diego, City of"
"06009031004",1176069,"CA","Y","San Diego, City of"
"06002012001",1175273,"CA","","City of Palo Alto"
"06002072001",1175334,"CA","Y","City of Sausalito"
"06000000144",3608801,"CA","Y","City of Sausalito"
"06000000173",3609157,"CA","Y","San Gabriel, City of"
"06000000187",3609307,"CA","Y","San Diego, County of"
"06000000197",3609544,"CA","Y","West Valley Sanitation District"
"06000000277",3611401,"CA","Y","Solano County"
"06000000278",3611402,"CA","Y","Sonoma County"
"06000000133",3608440,"CA","Y","City of Redding Public Works"
"06000000174",3609167,"CA","Y","Porterville, City of"
"06000000175",3609168,"CA","Y","Porterville, City of"
"06009005001",1176036,"CA","N","City of El Cajon, PWD"
"06000000194",3609471,"CA","","City of El Cajon, PWD"
"06008015001",1175965,"CA","Y","Jurupa Community Services District"
"06004007001",1175462,"CA","Y","Thousand Oaks, City of"
"06024007001",474006,"CA","Y","Thousand Oaks, City of"
"06000000165",3609119,"CA","Y","North of River Sanitary District"
"06000000236",3611360,"CA","Y","Contra Costa County"
"06005157001",1175675,"CA","Y","Mt. Shasta, City of"
"06000000121",3608175,"CA","Y","Elsinore Valley Municipal Water District"
"06008041002",1175996,"CA","Y","Elsinore Valley Municipal Water District"
"06008034001",1175989,"CA","Y","Elsinore Valley Municipal Water District"
"06000000122",3608176,"CA","Y","Elsinore Valley Municipal Water District"
"06006012501",3533076,"CA","Y","Apple Valley, Town of"
"06000000106",3607985,"CA","Y","Palmdale, City of"
"06000000107",3607986,"CA","Y","Palmdale, City of"
"06000000240",3611364,"CA","Y","Glenn County"
"06000000250",3611374,"CA","Y","Marin County"
"06008024001",1175978,"CA","","City of Colton"
"06000000294",3612365,"CA","Y","Fall River Valley Community Services District"
"06008041002",1175996,"CA","","Elsinore Valley Municipal Water District"
"06000000202",3609600,"CA","Y","Pomona, City of"
"06000000201",3609599,"CA","Y","Pomona, City of"
"06000000171",3609136,"CA","Y","Silicon Valley Clean Water"
"06000000124",3608283,"CA","Y","Santa Rosa Regional Resources Authority (SRRRA)"
"06000000268",3611392,"CA","Y","San Joaquin County"
"06000000121",3608175,"CA","","Elsinore Valley Municipal Water District"
"06000000271",3611395,"CA","Y","Santa Barbara County"
"06000000256",3611380,"CA","Y","Monterey County"
"06000000310",3612940,"CA","Y","Springville PUD"
"06000000228",3611072,"CA","Y","City of Hanford"
"06000000287",3611411,"CA","Y","Yuba County"
"06000000285",3611409,"CA","Y","Ventura County"
"06000000284",3611408,"CA","Y","Tuolumne County"
"06000000281",3611405,"CA","Y","Tehama County"
"06000000140",3608711,"CA","Y","Sanger, City of"
"06002033001",1175290,"CA","Y","Napa Sanitation District"
"06000000293",3612211,"CA","Y","City of Pittsburg"
"06000000248",3611372,"CA","Y","Los Angeles County"
"06000000260",3611384,"CA","Y","Placer County"
"06000000261",3611385,"CA","Y","Plumas county"
"06000000232",3611356,"CA","Y","Amador County"
"06000000219",3610609,"CA","Y","Victorville, City of"
"06000000109",3608001,"CA","Y","Victorville, City of"
"06000000251",3611375,"CA","Y","Mariposa County"
"06000000234",3611358,"CA","Y","Calaveras County"
"06002122001",1175356,"CA","Y","San Carlos, City of"
"06000000292",3612062,"CA","Y","City of Palm Springs"
"06000000270",3611394,"CA","Y","San Mateo County"
"06000000266",3611390,"CA","Y","San Diego County"
"06000000131",3608421,"CA","Y","Town of Hillsborough"
"06000000130",3608420,"CA","Y","Town of Hillsborough"
"06000000296",3612541,"CA","Y","Klamath Community Services District"
"06000000224",3610767,"CA","Y","East Palo Alto, City of"
"06008083001",1176027,"CA","Y","Loma Linda, City of"
"06000000289",3611431,"CA","Y","Loma Linda, City of"
"06000000068",3606909,"CA","Y","Oro Loma Sanitary District"
"06000000229",3611186,"CA","Y","City of Hesperia"
"06006009002",3522480,"CA","","City of Hesperia"
"06000000257",3611381,"CA","Y","Napa County"
"06006004001",1175857,"CA","Y","South Tahoe Public Utility District"
"06000000090",3607791,"CA","Y","Orange County Water District"
"06008016001",1175967,"CA","Y","Norco, City of"
"06000000108",3607994,"CA","Y","Norco, City of"
"06000000098",3607877,"CA","Y","Dina Breitstein"
"06009032001",1176070,"CA","Y","Escondido, City of"
"06000000120",3608161,"CA","Y","Escondido, City of"
"06007770001",3522264,"CA","Y","Hi-Desert Water District"
"06000000216",3610529,"CA","Y","City of Merced"
"06000000235",3611359,"CA","Y","Colusa County"
"06000000243",3611367,"CA","Y","Inyo County"
"06000000246",3611370,"CA","Y","Lake County"
"06000000247",3611371,"CA","Y","Lassen County"
"06000000282",3611406,"CA","Y","Trinity County"
"06000000273",3611397,"CA","Y","Santa Cruz County"
"06000000267",3611391,"CA","Y","San Francisco County"
"06000000231",3611355,"CA","Y","Alpine County"
"06000000233",3611357,"CA","Y","Butte County"
"06000000263",3611387,"CA","Y","Sacramento County"
"06000000238",3611362,"CA","Y","El Dorado County"
"06000000253",3611377,"CA","Y","Merced County"
"06000000288",3611429,"CA","Y","Carpinteria Water District"
"06000000259",3611383,"CA","Y","Orange County"
"06000000239",3611363,"CA","Y","Fresno County"
"06000000192",3609417,"CA","Y","Livermore Public Works"
"06009040001",1176078,"CA","Y","Vallecitos Water District"
"06000000291",3611608,"CA","Y","City of Mountain View"
"06000000272",3611396,"CA","Y","Santa Clara County"
"06000000305",3612766,"CA","Y","Paradise, Town of"
"06000000313",3613126,"CA","Y","Carpinteria Advanced Purification"
"06000000301",3612652,"CA","Y","Peninsula CSD and Samoa Pacific Group"
"06000000176",3609213,"CA","Y","La Verne, City of"
"06000000105",3607961,"CA","Y","Colton/San Bernardino Region Tertiary Reclam Auth"
"06008086001",3380875,"CA","Y","Temescal Valley Water District"
"06000000252",3611376,"CA","Y","Mendocino County"
"06000000255",3611379,"CA","Y","Mono County"
"06000000286",3611410,"CA","Y","Yolo County"
"06000000280",3611404,"CA","Y","Sutter County"
"06000000275",3611399,"CA","Y","Sierra County"
"06000000100",3607879,"CA","Y","Dina Breitstein"
"06002110001",1175349,"CA","Y","Los Altos, City of"
"06002081001",1175339,"CA","Y","Union Sanitary District"
"06002052001",1175310,"CA","Y","Oro Loma Sanitary District"
"06000000283",3611407,"CA","Y","Tulare County"
"06000000279",3611403,"CA","Y","Stanislaus County"
